Workbook
Name PersonList: Lists!$A$2:$A$6
Name ShowList: Lists!$C$2:$C$10
Name CauseList: Lists!$E$2:$E$13

Sheet Overview
B1: Programme update
B2: SAMPLE-FITOUT · data date 30 Jun 2024 · Whole programme
B3: =IF(INFO("RECALC")="Automatic","","If these figures are struck through, or do not follow what is typed, Excel is calculating manually: press F9 to update them, or turn it on for good with Formulas › Calculation Options › Automatic.") -> If these figures are struck through, or do not follow what is typed, Excel is calculating manually: press F9 to update them, or turn it on for good with Formulas › Calculation Options › Automatic.
C4: PERSON ▾ | E4: SHOW ▾ | G4: FIND
C5: Everyone | E5: All activities | K5: Pick from the arrows - the figures and the lists below follow.
C7: ACTIVITIES | E7: UPDATED | F7: NEED ATTENTION | H7: FINISHING LATE | K7: CRITICAL | N7: COMPLETE | Q7: UPDATES IN
C8: =SUM(Data!$T$2:$T$61) -> 60 | E8: =SUMIFS(Data!$R$2:$R$61,Data!$T$2:$T$61,1) -> 0 | F8: =COUNTIFS(Data!$T$2:$T$61,1,Data!$P$2:$P$61,"Reason needed")+COUNTIFS(Data!$T$2:$T$61,1,Data!$P$2:$P$61,"Start date needed")+COUNTIFS(Data!$T$2:$T$61,1,Data!$P$2:$P$61,"Finish date needed")+COUNTIFS(Data!$T$2:$T$61,1,Data!$P$2:$P$61,"Date in the future") -> 3 | H8: =COUNTIFS(Data!$T$2:$T$61,1,Data!$O$2:$O$61,">0",Data!$L$2:$L$61,"") -> 0 | K8: =COUNTIFS(Data!$T$2:$T$61,1,Data!$S$2:$S$61,"Yes",Data!$L$2:$L$61,"") -> 15 | N8: =COUNTIFS(Data!$T$2:$T$61,1,Data!$L$2:$L$61,">0") -> 33 | Q8: =IFERROR(SUMIFS(Data!$R$2:$R$61,Data!$T$2:$T$61,1)/SUM(Data!$T$2:$T$61),0) -> 0
C9: ="Whole programme" -> Whole programme | E9: ="of "&SUM(Data!$T$2:$T$61)&" have an entry" -> of 60 have an entry | F9: ="a cause, a date or a check missing" -> a cause, a date or a check missing | H9: ="not finished, past the planned finish" -> not finished, past the planned finish | K9: ="not finished" -> not finished | N9: ="actual finish entered" -> actual finish entered | Q9: ="of the activities chosen" -> of the activities chosen
B12: Updates by person | E12: Click a name to open their sheet
C13: Responsible Person | D13: Activities | E13: Updates in | F13: Need attention | G13: Late | H13: Critical | I13: Complete | J13: Return | S13: Updated | T13: Not yet
C14: =HYPERLINK("#'Dan Lowe'!G10","Dan Lowe - Design Lead") -> Dan Lowe - Design Lead | D14: =COUNTIFS(Data!$A$2:$A$61,"=Dan Lowe - Design Lead") -> 19 | E14: =IFERROR(S14/D14,0) -> 0 | F14: =COUNTIFS(Data!$A$2:$A$61,"=Dan Lowe - Design Lead",Data!$P$2:$P$61,"Reason needed")+COUNTIFS(Data!$A$2:$A$61,"=Dan Lowe - Design Lead",Data!$P$2:$P$61,"Start date needed")+COUNTIFS(Data!$A$2:$A$61,"=Dan Lowe - Design Lead",Data!$P$2:$P$61,"Finish date needed")+COUNTIFS(Data!$A$2:$A$61,"=Dan Lowe - Design Lead",Data!$P$2:$P$61,"Date in the future") -> 0 | G14: =COUNTIFS(Data!$A$2:$A$61,"=Dan Lowe - Design Lead",Data!$O$2:$O$61,">0",Data!$L$2:$L$61,"") -> 0 | H14: =COUNTIFS(Data!$A$2:$A$61,"=Dan Lowe - Design Lead",Data!$S$2:$S$61,"Yes",Data!$L$2:$L$61,"") -> 0 | I14: =COUNTIFS(Data!$A$2:$A$61,"=Dan Lowe - Design Lead",Data!$L$2:$L$61,">0") -> 19 | J14: =IF(D14=0,"",IF(S14>=D14,"✓ All in",IF(S14>0,S14&" of "&D14,"Waiting"))) -> Waiting | S14: =SUMIFS(Data!$R$2:$R$61,Data!$A$2:$A$61,"=Dan Lowe - Design Lead") -> 0 | T14: =D14-S14 -> 19
C15: =HYPERLINK("#'Priya Menon'!G10","Priya Menon - Project Manager") -> Priya Menon - Project Manager | D15: =COUNTIFS(Data!$A$2:$A$61,"=Priya Menon - Project Manager") -> 2 | E15: =IFERROR(S15/D15,0) -> 0 | F15: =COUNTIFS(Data!$A$2:$A$61,"=Priya Menon - Project Manager",Data!$P$2:$P$61,"Reason needed")+COUNTIFS(Data!$A$2:$A$61,"=Priya Menon - Project Manager",Data!$P$2:$P$61,"Start date needed")+COUNTIFS(Data!$A$2:$A$61,"=Priya Menon - Project Manager",Data!$P$2:$P$61,"Finish date needed")+COUNTIFS(Data!$A$2:$A$61,"=Priya Menon - Project Manager",Data!$P$2:$P$61,"Date in the future") -> 0 | G15: =COUNTIFS(Data!$A$2:$A$61,"=Priya Menon - Project Manager",Data!$O$2:$O$61,">0",Data!$L$2:$L$61,"") -> 0 | H15: =COUNTIFS(Data!$A$2:$A$61,"=Priya Menon - Project Manager",Data!$S$2:$S$61,"Yes",Data!$L$2:$L$61,"") -> 0 | I15: =COUNTIFS(Data!$A$2:$A$61,"=Priya Menon - Project Manager",Data!$L$2:$L$61,">0") -> 1 | J15: =IF(D15=0,"",IF(S15>=D15,"✓ All in",IF(S15>0,S15&" of "&D15,"Waiting"))) -> Waiting | S15: =SUMIFS(Data!$R$2:$R$61,Data!$A$2:$A$61,"=Priya Menon - Project Manager") -> 0 | T15: =D15-S15 -> 2
C16: =HYPERLINK("#'Sara Moss'!G10","Sara Moss - Site Manager") -> Sara Moss - Site Manager | D16: =COUNTIFS(Data!$A$2:$A$61,"=Sara Moss - Site Manager") -> 20 | E16: =IFERROR(S16/D16,0) -> 0 | F16: =COUNTIFS(Data!$A$2:$A$61,"=Sara Moss - Site Manager",Data!$P$2:$P$61,"Reason needed")+COUNTIFS(Data!$A$2:$A$61,"=Sara Moss - Site Manager",Data!$P$2:$P$61,"Start date needed")+COUNTIFS(Data!$A$2:$A$61,"=Sara Moss - Site Manager",Data!$P$2:$P$61,"Finish date needed")+COUNTIFS(Data!$A$2:$A$61,"=Sara Moss - Site Manager",Data!$P$2:$P$61,"Date in the future") -> 2 | G16: =COUNTIFS(Data!$A$2:$A$61,"=Sara Moss - Site Manager",Data!$O$2:$O$61,">0",Data!$L$2:$L$61,"") -> 0 | H16: =COUNTIFS(Data!$A$2:$A$61,"=Sara Moss - Site Manager",Data!$S$2:$S$61,"Yes",Data!$L$2:$L$61,"") -> 7 | I16: =COUNTIFS(Data!$A$2:$A$61,"=Sara Moss - Site Manager",Data!$L$2:$L$61,">0") -> 6 | J16: =IF(D16=0,"",IF(S16>=D16,"✓ All in",IF(S16>0,S16&" of "&D16,"Waiting"))) -> Waiting | S16: =SUMIFS(Data!$R$2:$R$61,Data!$A$2:$A$61,"=Sara Moss - Site Manager") -> 0 | T16: =D16-S16 -> 20
C17: =HYPERLINK("#'Tom Reid'!G10","Tom Reid - Package Manager") -> Tom Reid - Package Manager | D17: =COUNTIFS(Data!$A$2:$A$61,"=Tom Reid - Package Manager") -> 19 | E17: =IFERROR(S17/D17,0) -> 0 | F17: =COUNTIFS(Data!$A$2:$A$61,"=Tom Reid - Package Manager",Data!$P$2:$P$61,"Reason needed")+COUNTIFS(Data!$A$2:$A$61,"=Tom Reid - Package Manager",Data!$P$2:$P$61,"Start date needed")+COUNTIFS(Data!$A$2:$A$61,"=Tom Reid - Package Manager",Data!$P$2:$P$61,"Finish date needed")+COUNTIFS(Data!$A$2:$A$61,"=Tom Reid - Package Manager",Data!$P$2:$P$61,"Date in the future") -> 1 | G17: =COUNTIFS(Data!$A$2:$A$61,"=Tom Reid - Package Manager",Data!$O$2:$O$61,">0",Data!$L$2:$L$61,"") -> 0 | H17: =COUNTIFS(Data!$A$2:$A$61,"=Tom Reid - Package Manager",Data!$S$2:$S$61,"Yes",Data!$L$2:$L$61,"") -> 8 | I17: =COUNTIFS(Data!$A$2:$A$61,"=Tom Reid - Package Manager",Data!$L$2:$L$61,">0") -> 7 | J17: =IF(D17=0,"",IF(S17>=D17,"✓ All in",IF(S17>0,S17&" of "&D17,"Waiting"))) -> Waiting | S17: =SUMIFS(Data!$R$2:$R$61,Data!$A$2:$A$61,"=Tom Reid - Package Manager") -> 0 | T17: =D17-S17 -> 19
C18: Everyone | D18: =SUM(D14:D17) -> 60 | E18: =IFERROR(S18/D18,0) -> 0 | F18: =SUM(F14:F17) -> 3 | G18: =SUM(G14:G17) -> 0 | H18: =SUM(H14:H17) -> 15 | I18: =SUM(I14:I17) -> 33 | J18: =S18&" of "&D18 -> 0 of 60 | S18: =SUM(S14:S17) -> 0
B25: ="Activities · "&IF(Overview!$C$5="Everyone","everyone",Overview!$C$5)&" · "&LOWER(Overview!$E$5)&IF(Overview!$G$5<>""," · matching """&Overview!$G$5&"""","") -> Activities · everyone · all activities | R25: ="Showing "&Data!$V$61&" of 60" -> Showing 60 of 60
C27: Person | D27: Activity ID | E27: Activity name | F27: WBS | G27: Status | H27: Start | I27: Finish | J27: Physical % | K27: Actual start | L27: Actual finish | M27: Actual % | N27: Expected finish | O27: Days late | P27: Check | Q27: Delay cause | R27: Notes
B28: =IF($T28="","",HYPERLINK("#'"&INDEX(Data!$B$2:$B$61,$T28)&"'!G"&INDEX(Data!$C$2:$C$61,$T28),"✎")) -> ✎ | C28: =IF($T28="","",INDEX(Data!$A$2:$A$61,$T28)) -> Dan Lowe - Design Lead | D28: =IF($T28="","",INDEX(Data!$D$2:$D$61,$T28)) -> A1010 | E28: =IF($T28="","Nothing matches - choose Everyone and All activities, or clear Find.",INDEX(Data!$E$2:$E$61,$T28)) -> Design package 01 | F28: =IF($T28="","",INDEX(Data!$F$2:$F$61,$T28)) -> Engineering | G28: =IF($T28="","",INDEX(Data!$G$2:$G$61,$T28)) -> Completed | H28: =IF($T28="","",INDEX(Data!$H$2:$H$61,$T28)) -> 45296 | I28: =IF($T28="","",INDEX(Data!$I$2:$I$61,$T28)) -> 45307 | J28: =IF($T28="","",INDEX(Data!$J$2:$J$61,$T28)) -> 100 | K28: =IF($T28="","",INDEX(Data!$K$2:$K$61,$T28)) -> 45296 | L28: =IF($T28="","",INDEX(Data!$L$2:$L$61,$T28)) -> 45307 | M28: =IF($T28="","",INDEX(Data!$M$2:$M$61,$T28)) | N28: =IF($T28="","",INDEX(Data!$N$2:$N$61,$T28)) | O28: =IF($T28="","",INDEX(Data!$O$2:$O$61,$T28)) -> 0 | P28: =IF($T28="","",INDEX(Data!$P$2:$P$61,$T28)) -> ✓ Complete | Q28: =IF($T28="","",INDEX(Data!$W$2:$W$61,$T28)) | R28: =IF($T28="","",INDEX(Data!$Q$2:$Q$61,$T28)) | S28: =IF($T28="","",INDEX(Data!$R$2:$R$61,$T28)) -> 0 | T28: =IFERROR(MATCH(1,Data!$V$2:$V$61,0),"") -> 1
B29: =IF($T29="","",HYPERLINK("#'"&INDEX(Data!$B$2:$B$61,$T29)&"'!G"&INDEX(Data!$C$2:$C$61,$T29),"✎")) -> ✎ | C29: =IF($T29="","",INDEX(Data!$A$2:$A$61,$T29)) -> Dan Lowe - Design Lead | D29: =IF($T29="","",INDEX(Data!$D$2:$D$61,$T29)) -> A1020 | E29: =IF($T29="","",INDEX(Data!$E$2:$E$61,$T29)) -> Design package 02 | F29: =IF($T29="","",INDEX(Data!$F$2:$F$61,$T29)) -> Engineering | G29: =IF($T29="","",INDEX(Data!$G$2:$G$61,$T29)) -> Completed | H29: =IF($T29="","",INDEX(Data!$H$2:$H$61,$T29)) -> 45301 | I29: =IF($T29="","",INDEX(Data!$I$2:$I$61,$T29)) -> 45304 | J29: =IF($T29="","",INDEX(Data!$J$2:$J$61,$T29)) -> 100 | K29: =IF($T29="","",INDEX(Data!$K$2:$K$61,$T29)) -> 45301 | L29: =IF($T29="","",INDEX(Data!$L$2:$L$61,$T29)) -> 45304 | M29: =IF($T29="","",INDEX(Data!$M$2:$M$61,$T29)) | N29: =IF($T29="","",INDEX(Data!$N$2:$N$61,$T29)) | O29: =IF($T29="","",INDEX(Data!$O$2:$O$61,$T29)) -> 0 | P29: =IF($T29="","",INDEX(Data!$P$2:$P$61,$T29)) -> ✓ Complete | Q29: =IF($T29="","",INDEX(Data!$W$2:$W$61,$T29)) | R29: =IF($T29="","",INDEX(Data!$Q$2:$Q$61,$T29)) | S29: =IF($T29="","",INDEX(Data!$R$2:$R$61,$T29)) -> 0 | T29: =IFERROR(MATCH(2,Data!$V$2:$V$61,0),"") -> 2
B30: =IF($T30="","",HYPERLINK("#'"&INDEX(Data!$B$2:$B$61,$T30)&"'!G"&INDEX(Data!$C$2:$C$61,$T30),"✎")) -> ✎ | C30: =IF($T30="","",INDEX(Data!$A$2:$A$61,$T30)) -> Dan Lowe - Design Lead | D30: =IF($T30="","",INDEX(Data!$D$2:$D$61,$T30)) -> A1030 | E30: =IF($T30="","",INDEX(Data!$E$2:$E$61,$T30)) -> Design package 03 | F30: =IF($T30="","",INDEX(Data!$F$2:$F$61,$T30)) -> Engineering | G30: =IF($T30="","",INDEX(Data!$G$2:$G$61,$T30)) -> Completed | H30: =IF($T30="","",INDEX(Data!$H$2:$H$61,$T30)) -> 45302 | I30: =IF($T30="","",INDEX(Data!$I$2:$I$61,$T30)) -> 45309 | J30: =IF($T30="","",INDEX(Data!$J$2:$J$61,$T30)) -> 100 | K30: =IF($T30="","",INDEX(Data!$K$2:$K$61,$T30)) -> 45302 | L30: =IF($T30="","",INDEX(Data!$L$2:$L$61,$T30)) -> 45309 | M30: =IF($T30="","",INDEX(Data!$M$2:$M$61,$T30)) | N30: =IF($T30="","",INDEX(Data!$N$2:$N$61,$T30)) | O30: =IF($T30="","",INDEX(Data!$O$2:$O$61,$T30)) -> 0 | P30: =IF($T30="","",INDEX(Data!$P$2:$P$61,$T30)) -> ✓ Complete | Q30: =IF($T30="","",INDEX(Data!$W$2:$W$61,$T30)) | R30: =IF($T30="","",INDEX(Data!$Q$2:$Q$61,$T30)) | S30: =IF($T30="","",INDEX(Data!$R$2:$R$61,$T30)) -> 0 | T30: =IFERROR(MATCH(3,Data!$V$2:$V$61,0),"") -> 3
B31: =IF($T31="","",HYPERLINK("#'"&INDEX(Data!$B$2:$B$61,$T31)&"'!G"&INDEX(Data!$C$2:$C$61,$T31),"✎")) -> ✎ | C31: =IF($T31="","",INDEX(Data!$A$2:$A$61,$T31)) -> Dan Lowe - Design Lead | D31: =IF($T31="","",INDEX(Data!$D$2:$D$61,$T31)) -> A1040 | E31: =IF($T31="","",INDEX(Data!$E$2:$E$61,$T31)) -> Design package 04 | F31: =IF($T31="","",INDEX(Data!$F$2:$F$61,$T31)) -> Engineering | G31: =IF($T31="","",INDEX(Data!$G$2:$G$61,$T31)) -> Completed | H31: =IF($T31="","",INDEX(Data!$H$2:$H$61,$T31)) -> 45305 | I31: =IF($T31="","",INDEX(Data!$I$2:$I$61,$T31)) -> 45319 | J31: =IF($T31="","",INDEX(Data!$J$2:$J$61,$T31)) -> 100 | K31: =IF($T31="","",INDEX(Data!$K$2:$K$61,$T31)) -> 45305 | L31: =IF($T31="","",INDEX(Data!$L$2:$L$61,$T31)) -> 45319 | M31: =IF($T31="","",INDEX(Data!$M$2:$M$61,$T31)) | N31: =IF($T31="","",INDEX(Data!$N$2:$N$61,$T31)) | O31: =IF($T31="","",INDEX(Data!$O$2:$O$61,$T31)) -> 0 | P31: =IF($T31="","",INDEX(Data!$P$2:$P$61,$T31)) -> ✓ Complete | Q31: =IF($T31="","",INDEX(Data!$W$2:$W$61,$T31)) | R31: =IF($T31="","",INDEX(Data!$Q$2:$Q$61,$T31)) | S31: =IF($T31="","",INDEX(Data!$R$2:$R$61,$T31)) -> 0 | T31: =IFERROR(MATCH(4,Data!$V$2:$V$61,0),"") -> 4
B32: =IF($T32="","",HYPERLINK("#'"&INDEX(Data!$B$2:$B$61,$T32)&"'!G"&INDEX(Data!$C$2:$C$61,$T32),"✎")) -> ✎ | C32: =IF($T32="","",INDEX(Data!$A$2:$A$61,$T32)) -> Dan Lowe - Design Lead | D32: =IF($T32="","",INDEX(Data!$D$2:$D$61,$T32)) -> A1050 | E32: =IF($T32="","",INDEX(Data!$E$2:$E$61,$T32)) -> Design package 05 | F32: =IF($T32="","",INDEX(Data!$F$2:$F$61,$T32)) -> Engineering | G32: =IF($T32="","",INDEX(Data!$G$2:$G$61,$T32)) -> Completed | H32: =IF($T32="","",INDEX(Data!$H$2:$H$61,$T32)) -> 45312 | I32: =IF($T32="","",INDEX(Data!$I$2:$I$61,$T32)) -> 45315 | J32: =IF($T32="","",INDEX(Data!$J$2:$J$61,$T32)) -> 100 | K32: =IF($T32="","",INDEX(Data!$K$2:$K$61,$T32)) -> 45312 | L32: =IF($T32="","",INDEX(Data!$L$2:$L$61,$T32)) -> 45315 | M32: =IF($T32="","",INDEX(Data!$M$2:$M$61,$T32)) | N32: =IF($T32="","",INDEX(Data!$N$2:$N$61,$T32)) | O32: =IF($T32="","",INDEX(Data!$O$2:$O$61,$T32)) -> 0 | P32: =IF($T32="","",INDEX(Data!$P$2:$P$61,$T32)) -> ✓ Complete | Q32: =IF($T32="","",INDEX(Data!$W$2:$W$61,$T32)) | R32: =IF($T32="","",INDEX(Data!$Q$2:$Q$61,$T32)) | S32: =IF($T32="","",INDEX(Data!$R$2:$R$61,$T32)) -> 0 | T32: =IFERROR(MATCH(5,Data!$V$2:$V$61,0),"") -> 5
B33: =IF($T33="","",HYPERLINK("#'"&INDEX(Data!$B$2:$B$61,$T33)&"'!G"&INDEX(Data!$C$2:$C$61,$T33),"✎")) -> ✎ | C33: =IF($T33="","",INDEX(Data!$A$2:$A$61,$T33)) -> Dan Lowe - Design Lead | D33: =IF($T33="","",INDEX(Data!$D$2:$D$61,$T33)) -> A1060 | E33: =IF($T33="","",INDEX(Data!$E$2:$E$61,$T33)) -> Design package 06 | F33: =IF($T33="","",INDEX(Data!$F$2:$F$61,$T33)) -> Engineering | G33: =IF($T33="","",INDEX(Data!$G$2:$G$61,$T33)) -> Completed | H33: =IF($T33="","",INDEX(Data!$H$2:$H$61,$T33)) -> 45313 | I33: =IF($T33="","",INDEX(Data!$I$2:$I$61,$T33)) -> 45324 | J33: =IF($T33="","",INDEX(Data!$J$2:$J$61,$T33)) -> 100 | K33: =IF($T33="","",INDEX(Data!$K$2:$K$61,$T33)) -> 45313 | L33: =IF($T33="","",INDEX(Data!$L$2:$L$61,$T33)) -> 45324 | M33: =IF($T33="","",INDEX(Data!$M$2:$M$61,$T33)) | N33: =IF($T33="","",INDEX(Data!$N$2:$N$61,$T33)) | O33: =IF($T33="","",INDEX(Data!$O$2:$O$61,$T33)) -> 0 | P33: =IF($T33="","",INDEX(Data!$P$2:$P$61,$T33)) -> ✓ Complete | Q33: =IF($T33="","",INDEX(Data!$W$2:$W$61,$T33)) | R33: =IF($T33="","",INDEX(Data!$Q$2:$Q$61,$T33)) | S33: =IF($T33="","",INDEX(Data!$R$2:$R$61,$T33)) -> 0 | T33: =IFERROR(MATCH(6,Data!$V$2:$V$61,0),"") -> 6
B34: =IF($T34="","",HYPERLINK("#'"&INDEX(Data!$B$2:$B$61,$T34)&"'!G"&INDEX(Data!$C$2:$C$61,$T34),"✎")) -> ✎ | C34: =IF($T34="","",INDEX(Data!$A$2:$A$61,$T34)) -> Dan Lowe - Design Lead | D34: =IF($T34="","",INDEX(Data!$D$2:$D$61,$T34)) -> A1070 | E34: =IF($T34="","",INDEX(Data!$E$2:$E$61,$T34)) -> Design package 07 | F34: =IF($T34="","",INDEX(Data!$F$2:$F$61,$T34)) -> Engineering | G34: =IF($T34="","",INDEX(Data!$G$2:$G$61,$T34)) -> Completed | H34: =IF($T34="","",INDEX(Data!$H$2:$H$61,$T34)) -> 45318 | I34: =IF($T34="","",INDEX(Data!$I$2:$I$61,$T34)) -> 45321 | J34: =IF($T34="","",INDEX(Data!$J$2:$J$61,$T34)) -> 100 | K34: =IF($T34="","",INDEX(Data!$K$2:$K$61,$T34)) -> 45318 | L34: =IF($T34="","",INDEX(Data!$L$2:$L$61,$T34)) -> 45321 | M34: =IF($T34="","",INDEX(Data!$M$2:$M$61,$T34)) | N34: =IF($T34="","",INDEX(Data!$N$2:$N$61,$T34)) | O34: =IF($T34="","",INDEX(Data!$O$2:$O$61,$T34)) -> 0 | P34: =IF($T34="","",INDEX(Data!$P$2:$P$61,$T34)) -> ✓ Complete | Q34: =IF($T34="","",INDEX(Data!$W$2:$W$61,$T34)) | R34: =IF($T34="","",INDEX(Data!$Q$2:$Q$61,$T34)) | S34: =IF($T34="","",INDEX(Data!$R$2:$R$61,$T34)) -> 0 | T34: =IFERROR(MATCH(7,Data!$V$2:$V$61,0),"") -> 7
B35: =IF($T35="","",HYPERLINK("#'"&INDEX(Data!$B$2:$B$61,$T35)&"'!G"&INDEX(Data!$C$2:$C$61,$T35),"✎")) -> ✎ | C35: =IF($T35="","",INDEX(Data!$A$2:$A$61,$T35)) -> Dan Lowe - Design Lead | D35: =IF($T35="","",INDEX(Data!$D$2:$D$61,$T35)) -> A1080 | E35: =IF($T35="","",INDEX(Data!$E$2:$E$61,$T35)) -> Design package 08 | F35: =IF($T35="","",INDEX(Data!$F$2:$F$61,$T35)) -> Engineering | G35: =IF($T35="","",INDEX(Data!$G$2:$G$61,$T35)) -> Completed | H35: =IF($T35="","",INDEX(Data!$H$2:$H$61,$T35)) -> 45319 | I35: =IF($T35="","",INDEX(Data!$I$2:$I$61,$T35)) -> 45322 | J35: =IF($T35="","",INDEX(Data!$J$2:$J$61,$T35)) -> 100 | K35: =IF($T35="","",INDEX(Data!$K$2:$K$61,$T35)) -> 45319 | L35: =IF($T35="","",INDEX(Data!$L$2:$L$61,$T35)) -> 45322 | M35: =IF($T35="","",INDEX(Data!$M$2:$M$61,$T35)) | N35: =IF($T35="","",INDEX(Data!$N$2:$N$61,$T35)) | O35: =IF($T35="","",INDEX(Data!$O$2:$O$61,$T35)) -> 0 | P35: =IF($T35="","",INDEX(Data!$P$2:$P$61,$T35)) -> ✓ Complete | Q35: =IF($T35="","",INDEX(Data!$W$2:$W$61,$T35)) | R35: =IF($T35="","",INDEX(Data!$Q$2:$Q$61,$T35)) | S35: =IF($T35="","",INDEX(Data!$R$2:$R$61,$T35)) -> 0 | T35: =IFERROR(MATCH(8,Data!$V$2:$V$61,0),"") -> 8
B36: =IF($T36="","",HYPERLINK("#'"&INDEX(Data!$B$2:$B$61,$T36)&"'!G"&INDEX(Data!$C$2:$C$61,$T36),"✎")) -> ✎ | C36: =IF($T36="","",INDEX(Data!$A$2:$A$61,$T36)) -> Dan Lowe - Design Lead | D36: =IF($T36="","",INDEX(Data!$D$2:$D$61,$T36)) -> A1090 | E36: =IF($T36="","",INDEX(Data!$E$2:$E$61,$T36)) -> Design package 09 | F36: =IF($T36="","",INDEX(Data!$F$2:$F$61,$T36)) -> Engineering | G36: =IF($T36="","",INDEX(Data!$G$2:$G$61,$T36)) -> Completed | H36: =IF($T36="","",INDEX(Data!$H$2:$H$61,$T36)) -> 45320 | I36: =IF($T36="","",INDEX(Data!$I$2:$I$61,$T36)) -> 45323 | J36: =IF($T36="","",INDEX(Data!$J$2:$J$61,$T36)) -> 100 | K36: =IF($T36="","",INDEX(Data!$K$2:$K$61,$T36)) -> 45320 | L36: =IF($T36="","",INDEX(Data!$L$2:$L$61,$T36)) -> 45323 | M36: =IF($T36="","",INDEX(Data!$M$2:$M$61,$T36)) | N36: =IF($T36="","",INDEX(Data!$N$2:$N$61,$T36)) | O36: =IF($T36="","",INDEX(Data!$O$2:$O$61,$T36)) -> 0 | P36: =IF($T36="","",INDEX(Data!$P$2:$P$61,$T36)) -> ✓ Complete | Q36: =IF($T36="","",INDEX(Data!$W$2:$W$61,$T36)) | R36: =IF($T36="","",INDEX(Data!$Q$2:$Q$61,$T36)) | S36: =IF($T36="","",INDEX(Data!$R$2:$R$61,$T36)) -> 0 | T36: =IFERROR(MATCH(9,Data!$V$2:$V$61,0),"") -> 9
B37: =IF($T37="","",HYPERLINK("#'"&INDEX(Data!$B$2:$B$61,$T37)&"'!G"&INDEX(Data!$C$2:$C$61,$T37),"✎")) -> ✎ | C37: =IF($T37="","",INDEX(Data!$A$2:$A$61,$T37)) -> Dan Lowe - Design Lead | D37: =IF($T37="","",INDEX(Data!$D$2:$D$61,$T37)) -> A1100 | E37: =IF($T37="","",INDEX(Data!$E$2:$E$61,$T37)) -> Design package 10 | F37: =IF($T37="","",INDEX(Data!$F$2:$F$61,$T37)) -> Engineering | G37: =IF($T37="","",INDEX(Data!$G$2:$G$61,$T37)) -> Completed | H37: =IF($T37="","",INDEX(Data!$H$2:$H$61,$T37)) -> 45321 | I37: =IF($T37="","",INDEX(Data!$I$2:$I$61,$T37)) -> 45325 | J37: =IF($T37="","",INDEX(Data!$J$2:$J$61,$T37)) -> 100 | K37: =IF($T37="","",INDEX(Data!$K$2:$K$61,$T37)) -> 45321 | L37: =IF($T37="","",INDEX(Data!$L$2:$L$61,$T37)) -> 45325 | M37: =IF($T37="","",INDEX(Data!$M$2:$M$61,$T37)) | N37: =IF($T37="","",INDEX(Data!$N$2:$N$61,$T37)) | O37: =IF($T37="","",INDEX(Data!$O$2:$O$61,$T37)) -> 0 | P37: =IF($T37="","",INDEX(Data!$P$2:$P$61,$T37)) -> ✓ Complete | Q37: =IF($T37="","",INDEX(Data!$W$2:$W$61,$T37)) | R37: =IF($T37="","",INDEX(Data!$Q$2:$Q$61,$T37)) | S37: =IF($T37="","",INDEX(Data!$R$2:$R$61,$T37)) -> 0 | T37: =IFERROR(MATCH(10,Data!$V$2:$V$61,0),"") -> 10
B38: =IF($T38="","",HYPERLINK("#'"&INDEX(Data!$B$2:$B$61,$T38)&"'!G"&INDEX(Data!$C$2:$C$61,$T38),"✎")) -> ✎ | C38: =IF($T38="","",INDEX(Data!$A$2:$A$61,$T38)) -> Dan Lowe - Design Lead | D38: =IF($T38="","",INDEX(Data!$D$2:$D$61,$T38)) -> A1110 | E38: =IF($T38="","",INDEX(Data!$E$2:$E$61,$T38)) -> Design package 11 | F38: =IF($T38="","",INDEX(Data!$F$2:$F$61,$T38)) -> Engineering | G38: =IF($T38="","",INDEX(Data!$G$2:$G$61,$T38)) -> Completed | H38: =IF($T38="","",INDEX(Data!$H$2:$H$61,$T38)) -> 45323 | I38: =IF($T38="","",INDEX(Data!$I$2:$I$61,$T38)) -> 45337 | J38: =IF($T38="","",INDEX(Data!$J$2:$J$61,$T38)) -> 100 | K38: =IF($T38="","",INDEX(Data!$K$2:$K$61,$T38)) -> 45323 | L38: =IF($T38="","",INDEX(Data!$L$2:$L$61,$T38)) -> 45337 | M38: =IF($T38="","",INDEX(Data!$M$2:$M$61,$T38)) | N38: =IF($T38="","",INDEX(Data!$N$2:$N$61,$T38)) | O38: =IF($T38="","",INDEX(Data!$O$2:$O$61,$T38)) -> 0 | P38: =IF($T38="","",INDEX(Data!$P$2:$P$61,$T38)) -> ✓ Complete | Q38: =IF($T38="","",INDEX(Data!$W$2:$W$61,$T38)) | R38: =IF($T38="","",INDEX(Data!$Q$2:$Q$61,$T38)) | S38: =IF($T38="","",INDEX(Data!$R$2:$R$61,$T38)) -> 0 | T38: =IFERROR(MATCH(11,Data!$V$2:$V$61,0),"") -> 11
B39: =IF($T39="","",HYPERLINK("#'"&INDEX(Data!$B$2:$B$61,$T39)&"'!G"&INDEX(Data!$C$2:$C$61,$T39),"✎")) -> ✎ | C39: =IF($T39="","",INDEX(Data!$A$2:$A$61,$T39)) -> Dan Lowe - Design Lead | D39: =IF($T39="","",INDEX(Data!$D$2:$D$61,$T39)) -> A1120 | E39: =IF($T39="","",INDEX(Data!$E$2:$E$61,$T39)) -> Design package 12 | F39: =IF($T39="","",INDEX(Data!$F$2:$F$61,$T39)) -> Engineering | G39: =IF($T39="","",INDEX(Data!$G$2:$G$61,$T39)) -> Completed | H39: =IF($T39="","",INDEX(Data!$H$2:$H$61,$T39)) -> 45330 | I39: =IF($T39="","",INDEX(Data!$I$2:$I$61,$T39)) -> 45333 | J39: =IF($T39="","",INDEX(Data!$J$2:$J$61,$T39)) -> 100 | K39: =IF($T39="","",INDEX(Data!$K$2:$K$61,$T39)) -> 45330 | L39: =IF($T39="","",INDEX(Data!$L$2:$L$61,$T39)) -> 45333 | M39: =IF($T39="","",INDEX(Data!$M$2:$M$61,$T39)) | N39: =IF($T39="","",INDEX(Data!$N$2:$N$61,$T39)) | O39: =IF($T39="","",INDEX(Data!$O$2:$O$61,$T39)) -> 0 | P39: =IF($T39="","",INDEX(Data!$P$2:$P$61,$T39)) -> ✓ Complete | Q39: =IF($T39="","",INDEX(Data!$W$2:$W$61,$T39)) | R39: =IF($T39="","",INDEX(Data!$Q$2:$Q$61,$T39)) | S39: =IF($T39="","",INDEX(Data!$R$2:$R$61,$T39)) -> 0 | T39: =IFERROR(MATCH(12,Data!$V$2:$V$61,0),"") -> 12
B40: =IF($T40="","",HYPERLINK("#'"&INDEX(Data!$B$2:$B$61,$T40)&"'!G"&INDEX(Data!$C$2:$C$61,$T40),"✎")) -> ✎ | C40: =IF($T40="","",INDEX(Data!$A$2:$A$61,$T40)) -> Dan Lowe - Design Lead | D40: =IF($T40="","",INDEX(Data!$D$2:$D$61,$T40)) -> A1130 | E40: =IF($T40="","",INDEX(Data!$E$2:$E$61,$T40)) -> Design package 13 | F40: =IF($T40="","",INDEX(Data!$F$2:$F$61,$T40)) -> Engineering | G40: =IF($T40="","",INDEX(Data!$G$2:$G$61,$T40)) -> Completed | H40: =IF($T40="","",INDEX(Data!$H$2:$H$61,$T40)) -> 45331 | I40: =IF($T40="","",INDEX(Data!$I$2:$I$61,$T40)) -> 45334 | J40: =IF($T40="","",INDEX(Data!$J$2:$J$61,$T40)) -> 100 | K40: =IF($T40="","",INDEX(Data!$K$2:$K$61,$T40)) -> 45331 | L40: =IF($T40="","",INDEX(Data!$L$2:$L$61,$T40)) -> 45334 | M40: =IF($T40="","",INDEX(Data!$M$2:$M$61,$T40)) | N40: =IF($T40="","",INDEX(Data!$N$2:$N$61,$T40)) | O40: =IF($T40="","",INDEX(Data!$O$2:$O$61,$T40)) -> 0 | P40: =IF($T40="","",INDEX(Data!$P$2:$P$61,$T40)) -> ✓ Complete | Q40: =IF($T40="","",INDEX(Data!$W$2:$W$61,$T40)) | R40: =IF($T40="","",INDEX(Data!$Q$2:$Q$61,$T40)) | S40: =IF($T40="","",INDEX(Data!$R$2:$R$61,$T40)) -> 0 | T40: =IFERROR(MATCH(13,Data!$V$2:$V$61,0),"") -> 13
B41: =IF($T41="","",HYPERLINK("#'"&INDEX(Data!$B$2:$B$61,$T41)&"'!G"&INDEX(Data!$C$2:$C$61,$T41),"✎")) -> ✎ | C41: =IF($T41="","",INDEX(Data!$A$2:$A$61,$T41)) -> Dan Lowe - Design Lead | D41: =IF($T41="","",INDEX(Data!$D$2:$D$61,$T41)) -> A1140 | E41: =IF($T41="","",INDEX(Data!$E$2:$E$61,$T41)) -> Design package 14 | F41: =IF($T41="","",INDEX(Data!$F$2:$F$61,$T41)) -> Engineering | G41: =IF($T41="","",INDEX(Data!$G$2:$G$61,$T41)) -> Completed | H41: =IF($T41="","",INDEX(Data!$H$2:$H$61,$T41)) -> 45332 | I41: =IF($T41="","",INDEX(Data!$I$2:$I$61,$T41)) -> 45339 | J41: =IF($T41="","",INDEX(Data!$J$2:$J$61,$T41)) -> 100 | K41: =IF($T41="","",INDEX(Data!$K$2:$K$61,$T41)) -> 45332 | L41: =IF($T41="","",INDEX(Data!$L$2:$L$61,$T41)) -> 45339 | M41: =IF($T41="","",INDEX(Data!$M$2:$M$61,$T41)) | N41: =IF($T41="","",INDEX(Data!$N$2:$N$61,$T41)) | O41: =IF($T41="","",INDEX(Data!$O$2:$O$61,$T41)) -> 0 | P41: =IF($T41="","",INDEX(Data!$P$2:$P$61,$T41)) -> ✓ Complete | Q41: =IF($T41="","",INDEX(Data!$W$2:$W$61,$T41)) | R41: =IF($T41="","",INDEX(Data!$Q$2:$Q$61,$T41)) | S41: =IF($T41="","",INDEX(Data!$R$2:$R$61,$T41)) -> 0 | T41: =IFERROR(MATCH(14,Data!$V$2:$V$61,0),"") -> 14
B42: =IF($T42="","",HYPERLINK("#'"&INDEX(Data!$B$2:$B$61,$T42)&"'!G"&INDEX(Data!$C$2:$C$61,$T42),"✎")) -> ✎ | C42: =IF($T42="","",INDEX(Data!$A$2:$A$61,$T42)) -> Dan Lowe - Design Lead | D42: =IF($T42="","",INDEX(Data!$D$2:$D$61,$T42)) -> A1150 | E42: =IF($T42="","",INDEX(Data!$E$2:$E$61,$T42)) -> Design package 15 | F42: =IF($T42="","",INDEX(Data!$F$2:$F$61,$T42)) -> Engineering | G42: =IF($T42="","",INDEX(Data!$G$2:$G$61,$T42)) -> Completed | H42: =IF($T42="","",INDEX(Data!$H$2:$H$61,$T42)) -> 45335 | I42: =IF($T42="","",INDEX(Data!$I$2:$I$61,$T42)) -> 45339 | J42: =IF($T42="","",INDEX(Data!$J$2:$J$61,$T42)) -> 100 | K42: =IF($T42="","",INDEX(Data!$K$2:$K$61,$T42)) -> 45335 | L42: =IF($T42="","",INDEX(Data!$L$2:$L$61,$T42)) -> 45339 | M42: =IF($T42="","",INDEX(Data!$M$2:$M$61,$T42)) | N42: =IF($T42="","",INDEX(Data!$N$2:$N$61,$T42)) | O42: =IF($T42="","",INDEX(Data!$O$2:$O$61,$T42)) -> 0 | P42: =IF($T42="","",INDEX(Data!$P$2:$P$61,$T42)) -> ✓ Complete | Q42: =IF($T42="","",INDEX(Data!$W$2:$W$61,$T42)) | R42: =IF($T42="","",INDEX(Data!$Q$2:$Q$61,$T42)) | S42: =IF($T42="","",INDEX(Data!$R$2:$R$61,$T42)) -> 0 | T42: =IFERROR(MATCH(15,Data!$V$2:$V$61,0),"") -> 15
B43: =IF($T43="","",HYPERLINK("#'"&INDEX(Data!$B$2:$B$61,$T43)&"'!G"&INDEX(Data!$C$2:$C$61,$T43),"✎")) -> ✎ | C43: =IF($T43="","",INDEX(Data!$A$2:$A$61,$T43)) -> Dan Lowe - Design Lead | D43: =IF($T43="","",INDEX(Data!$D$2:$D$61,$T43)) -> A1160 | E43: =IF($T43="","",INDEX(Data!$E$2:$E$61,$T43)) -> Design package 16 | F43: =IF($T43="","",INDEX(Data!$F$2:$F$61,$T43)) -> Engineering | G43: =IF($T43="","",INDEX(Data!$G$2:$G$61,$T43)) -> Completed | H43: =IF($T43="","",INDEX(Data!$H$2:$H$61,$T43)) -> 45337 | I43: =IF($T43="","",INDEX(Data!$I$2:$I$61,$T43)) -> 45351 | J43: =IF($T43="","",INDEX(Data!$J$2:$J$61,$T43)) -> 100 | K43: =IF($T43="","",INDEX(Data!$K$2:$K$61,$T43)) -> 45337 | L43: =IF($T43="","",INDEX(Data!$L$2:$L$61,$T43)) -> 45351 | M43: =IF($T43="","",INDEX(Data!$M$2:$M$61,$T43)) | N43: =IF($T43="","",INDEX(Data!$N$2:$N$61,$T43)) | O43: =IF($T43="","",INDEX(Data!$O$2:$O$61,$T43)) -> 0 | P43: =IF($T43="","",INDEX(Data!$P$2:$P$61,$T43)) -> ✓ Complete | Q43: =IF($T43="","",INDEX(Data!$W$2:$W$61,$T43)) | R43: =IF($T43="","",INDEX(Data!$Q$2:$Q$61,$T43)) | S43: =IF($T43="","",INDEX(Data!$R$2:$R$61,$T43)) -> 0 | T43: =IFERROR(MATCH(16,Data!$V$2:$V$61,0),"") -> 16
B44: =IF($T44="","",HYPERLINK("#'"&INDEX(Data!$B$2:$B$61,$T44)&"'!G"&INDEX(Data!$C$2:$C$61,$T44),"✎")) -> ✎ | C44: =IF($T44="","",INDEX(Data!$A$2:$A$61,$T44)) -> Dan Lowe - Design Lead | D44: =IF($T44="","",INDEX(Data!$D$2:$D$61,$T44)) -> A1170 | E44: =IF($T44="","",INDEX(Data!$E$2:$E$61,$T44)) -> Design package 17 | F44: =IF($T44="","",INDEX(Data!$F$2:$F$61,$T44)) -> Engineering | G44: =IF($T44="","",INDEX(Data!$G$2:$G$61,$T44)) -> Completed | H44: =IF($T44="","",INDEX(Data!$H$2:$H$61,$T44)) -> 45344 | I44: =IF($T44="","",INDEX(Data!$I$2:$I$61,$T44)) -> 45358 | J44: =IF($T44="","",INDEX(Data!$J$2:$J$61,$T44)) -> 100 | K44: =IF($T44="","",INDEX(Data!$K$2:$K$61,$T44)) -> 45344 | L44: =IF($T44="","",INDEX(Data!$L$2:$L$61,$T44)) -> 45358 | M44: =IF($T44="","",INDEX(Data!$M$2:$M$61,$T44)) | N44: =IF($T44="","",INDEX(Data!$N$2:$N$61,$T44)) | O44: =IF($T44="","",INDEX(Data!$O$2:$O$61,$T44)) -> 0 | P44: =IF($T44="","",INDEX(Data!$P$2:$P$61,$T44)) -> ✓ Complete | Q44: =IF($T44="","",INDEX(Data!$W$2:$W$61,$T44)) | R44: =IF($T44="","",INDEX(Data!$Q$2:$Q$61,$T44)) | S44: =IF($T44="","",INDEX(Data!$R$2:$R$61,$T44)) -> 0 | T44: =IFERROR(MATCH(17,Data!$V$2:$V$61,0),"") -> 17
B45: =IF($T45="","",HYPERLINK("#'"&INDEX(Data!$B$2:$B$61,$T45)&"'!G"&INDEX(Data!$C$2:$C$61,$T45),"✎")) -> ✎ | C45: =IF($T45="","",INDEX(Data!$A$2:$A$61,$T45)) -> Dan Lowe - Design Lead | D45: =IF($T45="","",INDEX(Data!$D$2:$D$61,$T45)) -> A1180 | E45: =IF($T45="","",INDEX(Data!$E$2:$E$61,$T45)) -> Design package 18 | F45: =IF($T45="","",INDEX(Data!$F$2:$F$61,$T45)) -> Engineering | G45: =IF($T45="","",INDEX(Data!$G$2:$G$61,$T45)) -> Completed | H45: =IF($T45="","",INDEX(Data!$H$2:$H$61,$T45)) -> 45351 | I45: =IF($T45="","",INDEX(Data!$I$2:$I$61,$T45)) -> 45354 | J45: =IF($T45="","",INDEX(Data!$J$2:$J$61,$T45)) -> 100 | K45: =IF($T45="","",INDEX(Data!$K$2:$K$61,$T45)) -> 45351 | L45: =IF($T45="","",INDEX(Data!$L$2:$L$61,$T45)) -> 45354 | M45: =IF($T45="","",INDEX(Data!$M$2:$M$61,$T45)) | N45: =IF($T45="","",INDEX(Data!$N$2:$N$61,$T45)) | O45: =IF($T45="","",INDEX(Data!$O$2:$O$61,$T45)) -> 0 | P45: =IF($T45="","",INDEX(Data!$P$2:$P$61,$T45)) -> ✓ Complete | Q45: =IF($T45="","",INDEX(Data!$W$2:$W$61,$T45)) | R45: =IF($T45="","",INDEX(Data!$Q$2:$Q$61,$T45)) | S45: =IF($T45="","",INDEX(Data!$R$2:$R$61,$T45)) -> 0 | T45: =IFERROR(MATCH(18,Data!$V$2:$V$61,0),"") -> 18
B46: =IF($T46="","",HYPERLINK("#'"&INDEX(Data!$B$2:$B$61,$T46)&"'!G"&INDEX(Data!$C$2:$C$61,$T46),"✎")) -> ✎ | C46: =IF($T46="","",INDEX(Data!$A$2:$A$61,$T46)) -> Dan Lowe - Design Lead | D46: =IF($T46="","",INDEX(Data!$D$2:$D$61,$T46)) -> A1190 | E46: =IF($T46="","",INDEX(Data!$E$2:$E$61,$T46)) -> Design package 19 | F46: =IF($T46="","",INDEX(Data!$F$2:$F$61,$T46)) -> Engineering | G46: =IF($T46="","",INDEX(Data!$G$2:$G$61,$T46)) -> Completed | H46: =IF($T46="","",INDEX(Data!$H$2:$H$61,$T46)) -> 45352 | I46: =IF($T46="","",INDEX(Data!$I$2:$I$61,$T46)) -> 45359 | J46: =IF($T46="","",INDEX(Data!$J$2:$J$61,$T46)) -> 100 | K46: =IF($T46="","",INDEX(Data!$K$2:$K$61,$T46)) -> 45352 | L46: =IF($T46="","",INDEX(Data!$L$2:$L$61,$T46)) -> 45359 | M46: =IF($T46="","",INDEX(Data!$M$2:$M$61,$T46)) | N46: =IF($T46="","",INDEX(Data!$N$2:$N$61,$T46)) | O46: =IF($T46="","",INDEX(Data!$O$2:$O$61,$T46)) -> 0 | P46: =IF($T46="","",INDEX(Data!$P$2:$P$61,$T46)) -> ✓ Complete | Q46: =IF($T46="","",INDEX(Data!$W$2:$W$61,$T46)) | R46: =IF($T46="","",INDEX(Data!$Q$2:$Q$61,$T46)) | S46: =IF($T46="","",INDEX(Data!$R$2:$R$61,$T46)) -> 0 | T46: =IFERROR(MATCH(19,Data!$V$2:$V$61,0),"") -> 19
B47: =IF($T47="","",HYPERLINK("#'"&INDEX(Data!$B$2:$B$61,$T47)&"'!G"&INDEX(Data!$C$2:$C$61,$T47),"✎")) -> ✎ | C47: =IF($T47="","",INDEX(Data!$A$2:$A$61,$T47)) -> Priya Menon - Project Manager | D47: =IF($T47="","",INDEX(Data!$D$2:$D$61,$T47)) -> A1000 | E47: =IF($T47="","",INDEX(Data!$E$2:$E$61,$T47)) -> Design package 00 | F47: =IF($T47="","",INDEX(Data!$F$2:$F$61,$T47)) -> Engineering | G47: =IF($T47="","",INDEX(Data!$G$2:$G$61,$T47)) -> Completed | H47: =IF($T47="","",INDEX(Data!$H$2:$H$61,$T47)) -> 45293 | I47: =IF($T47="","",INDEX(Data!$I$2:$I$61,$T47)) -> 45300 | J47: =IF($T47="","",INDEX(Data!$J$2:$J$61,$T47)) -> 100 | K47: =IF($T47="","",INDEX(Data!$K$2:$K$61,$T47)) -> 45293 | L47: =IF($T47="","",INDEX(Data!$L$2:$L$61,$T47)) -> 45300 | M47: =IF($T47="","",INDEX(Data!$M$2:$M$61,$T47)) | N47: =IF($T47="","",INDEX(Data!$N$2:$N$61,$T47)) | O47: =IF($T47="","",INDEX(Data!$O$2:$O$61,$T47)) -> 0 | P47: =IF($T47="","",INDEX(Data!$P$2:$P$61,$T47)) -> ✓ Complete | Q47: =IF($T47="","",INDEX(Data!$W$2:$W$61,$T47)) | R47: =IF($T47="","",INDEX(Data!$Q$2:$Q$61,$T47)) | S47: =IF($T47="","",INDEX(Data!$R$2:$R$61,$T47)) -> 0 | T47: =IFERROR(MATCH(20,Data!$V$2:$V$61,0),"") -> 20
B48: =IF($T48="","",HYPERLINK("#'"&INDEX(Data!$B$2:$B$61,$T48)&"'!G"&INDEX(Data!$C$2:$C$61,$T48),"✎")) -> ✎ | C48: =IF($T48="","",INDEX(Data!$A$2:$A$61,$T48)) -> Priya Menon - Project Manager | D48: =IF($T48="","",INDEX(Data!$D$2:$D$61,$T48)) -> A1590 | E48: =IF($T48="","",INDEX(Data!$E$2:$E$61,$T48)) -> Build package 59 | F48: =IF($T48="","",INDEX(Data!$F$2:$F$61,$T48)) -> Construction | G48: =IF($T48="","",INDEX(Data!$G$2:$G$61,$T48)) -> Not Started | H48: =IF($T48="","",INDEX(Data!$H$2:$H$61,$T48)) -> 45660 | I48: =IF($T48="","",INDEX(Data!$I$2:$I$61,$T48)) -> 45681 | J48: =IF($T48="","",INDEX(Data!$J$2:$J$61,$T48)) -> 0 | K48: =IF($T48="","",INDEX(Data!$K$2:$K$61,$T48)) | L48: =IF($T48="","",INDEX(Data!$L$2:$L$61,$T48)) | M48: =IF($T48="","",INDEX(Data!$M$2:$M$61,$T48)) | N48: =IF($T48="","",INDEX(Data!$N$2:$N$61,$T48)) | O48: =IF($T48="","",INDEX(Data!$O$2:$O$61,$T48)) -> 0 | P48: =IF($T48="","",INDEX(Data!$P$2:$P$61,$T48)) -> Not changed yet | Q48: =IF($T48="","",INDEX(Data!$W$2:$W$61,$T48)) | R48: =IF($T48="","",INDEX(Data!$Q$2:$Q$61,$T48)) | S48: =IF($T48="","",INDEX(Data!$R$2:$R$61,$T48)) -> 0 | T48: =IFERROR(MATCH(21,Data!$V$2:$V$61,0),"") -> 21
B49: =IF($T49="","",HYPERLINK("#'"&INDEX(Data!$B$2:$B$61,$T49)&"'!G"&INDEX(Data!$C$2:$C$61,$T49),"✎")) -> ✎ | C49: =IF($T49="","",INDEX(Data!$A$2:$A$61,$T49)) -> Sara Moss - Site Manager | D49: =IF($T49="","",INDEX(Data!$D$2:$D$61,$T49)) -> A1200 | E49: =IF($T49="","",INDEX(Data!$E$2:$E$61,$T49)) -> Build package 20 | F49: =IF($T49="","",INDEX(Data!$F$2:$F$61,$T49)) -> Construction | G49: =IF($T49="","",INDEX(Data!$G$2:$G$61,$T49)) -> Completed | H49: =IF($T49="","",INDEX(Data!$H$2:$H$61,$T49)) -> 45355 | I49: =IF($T49="","",INDEX(Data!$I$2:$I$61,$T49)) -> 45369 | J49: =IF($T49="","",INDEX(Data!$J$2:$J$61,$T49)) -> 100 | K49: =IF($T49="","",INDEX(Data!$K$2:$K$61,$T49)) -> 45355 | L49: =IF($T49="","",INDEX(Data!$L$2:$L$61,$T49)) -> 45369 | M49: =IF($T49="","",INDEX(Data!$M$2:$M$61,$T49)) | N49: =IF($T49="","",INDEX(Data!$N$2:$N$61,$T49)) | O49: =IF($T49="","",INDEX(Data!$O$2:$O$61,$T49)) -> 0 | P49: =IF($T49="","",INDEX(Data!$P$2:$P$61,$T49)) -> ✓ Complete | Q49: =IF($T49="","",INDEX(Data!$W$2:$W$61,$T49)) | R49: =IF($T49="","",INDEX(Data!$Q$2:$Q$61,$T49)) | S49: =IF($T49="","",INDEX(Data!$R$2:$R$61,$T49)) -> 0 | T49: =IFERROR(MATCH(22,Data!$V$2:$V$61,0),"") -> 22
B50: =IF($T50="","",HYPERLINK("#'"&INDEX(Data!$B$2:$B$61,$T50)&"'!G"&INDEX(Data!$C$2:$C$61,$T50),"✎")) -> ✎ | C50: =IF($T50="","",INDEX(Data!$A$2:$A$61,$T50)) -> Sara Moss - Site Manager | D50: =IF($T50="","",INDEX(Data!$D$2:$D$61,$T50)) -> A1220 | E50: =IF($T50="","",INDEX(Data!$E$2:$E$61,$T50)) -> Build package 22 | F50: =IF($T50="","",INDEX(Data!$F$2:$F$61,$T50)) -> Construction | G50: =IF($T50="","",INDEX(Data!$G$2:$G$61,$T50)) -> Completed | H50: =IF($T50="","",INDEX(Data!$H$2:$H$61,$T50)) -> 45369 | I50: =IF($T50="","",INDEX(Data!$I$2:$I$61,$T50)) -> 45383 | J50: =IF($T50="","",INDEX(Data!$J$2:$J$61,$T50)) -> 100 | K50: =IF($T50="","",INDEX(Data!$K$2:$K$61,$T50)) -> 45369 | L50: =IF($T50="","",INDEX(Data!$L$2:$L$61,$T50)) -> 45383 | M50: =IF($T50="","",INDEX(Data!$M$2:$M$61,$T50)) | N50: =IF($T50="","",INDEX(Data!$N$2:$N$61,$T50)) | O50: =IF($T50="","",INDEX(Data!$O$2:$O$61,$T50)) -> 0 | P50: =IF($T50="","",INDEX(Data!$P$2:$P$61,$T50)) -> ✓ Complete | Q50: =IF($T50="","",INDEX(Data!$W$2:$W$61,$T50)) | R50: =IF($T50="","",INDEX(Data!$Q$2:$Q$61,$T50)) | S50: =IF($T50="","",INDEX(Data!$R$2:$R$61,$T50)) -> 0 | T50: =IFERROR(MATCH(23,Data!$V$2:$V$61,0),"") -> 23
B51: =IF($T51="","",HYPERLINK("#'"&INDEX(Data!$B$2:$B$61,$T51)&"'!G"&INDEX(Data!$C$2:$C$61,$T51),"✎")) -> ✎ | C51: =IF($T51="","",INDEX(Data!$A$2:$A$61,$T51)) -> Sara Moss - Site Manager | D51: =IF($T51="","",INDEX(Data!$D$2:$D$61,$T51)) -> A1240 | E51: =IF($T51="","",INDEX(Data!$E$2:$E$61,$T51)) -> Build package 24 | F51: =IF($T51="","",INDEX(Data!$F$2:$F$61,$T51)) -> Construction | G51: =IF($T51="","",INDEX(Data!$G$2:$G$61,$T51)) -> Completed | H51: =IF($T51="","",INDEX(Data!$H$2:$H$61,$T51)) -> 45381 | I51: =IF($T51="","",INDEX(Data!$I$2:$I$61,$T51)) -> 45451 | J51: =IF($T51="","",INDEX(Data!$J$2:$J$61,$T51)) -> 100 | K51: =IF($T51="","",INDEX(Data!$K$2:$K$61,$T51)) -> 45381 | L51: =IF($T51="","",INDEX(Data!$L$2:$L$61,$T51)) -> 45451 | M51: =IF($T51="","",INDEX(Data!$M$2:$M$61,$T51)) | N51: =IF($T51="","",INDEX(Data!$N$2:$N$61,$T51)) | O51: =IF($T51="","",INDEX(Data!$O$2:$O$61,$T51)) -> 0 | P51: =IF($T51="","",INDEX(Data!$P$2:$P$61,$T51)) -> ✓ Complete | Q51: =IF($T51="","",INDEX(Data!$W$2:$W$61,$T51)) | R51: =IF($T51="","",INDEX(Data!$Q$2:$Q$61,$T51)) | S51: =IF($T51="","",INDEX(Data!$R$2:$R$61,$T51)) -> 0 | T51: =IFERROR(MATCH(24,Data!$V$2:$V$61,0),"") -> 24
B52: =IF($T52="","",HYPERLINK("#'"&INDEX(Data!$B$2:$B$61,$T52)&"'!G"&INDEX(Data!$C$2:$C$61,$T52),"✎")) -> ✎ | C52: =IF($T52="","",INDEX(Data!$A$2:$A$61,$T52)) -> Sara Moss - Site Manager | D52: =IF($T52="","",INDEX(Data!$D$2:$D$61,$T52)) -> A1260 | E52: =IF($T52="","",INDEX(Data!$E$2:$E$61,$T52)) -> Build package 26 | F52: =IF($T52="","",INDEX(Data!$F$2:$F$61,$T52)) -> Construction | G52: =IF($T52="","",INDEX(Data!$G$2:$G$61,$T52)) -> Completed | H52: =IF($T52="","",INDEX(Data!$H$2:$H$61,$T52)) -> 45421 | I52: =IF($T52="","",INDEX(Data!$I$2:$I$61,$T52)) -> 45428 | J52: =IF($T52="","",INDEX(Data!$J$2:$J$61,$T52)) -> 100 | K52: =IF($T52="","",INDEX(Data!$K$2:$K$61,$T52)) -> 45421 | L52: =IF($T52="","",INDEX(Data!$L$2:$L$61,$T52)) -> 45428 | M52: =IF($T52="","",INDEX(Data!$M$2:$M$61,$T52)) | N52: =IF($T52="","",INDEX(Data!$N$2:$N$61,$T52)) | O52: =IF($T52="","",INDEX(Data!$O$2:$O$61,$T52)) -> 0 | P52: =IF($T52="","",INDEX(Data!$P$2:$P$61,$T52)) -> ✓ Complete | Q52: =IF($T52="","",INDEX(Data!$W$2:$W$61,$T52)) | R52: =IF($T52="","",INDEX(Data!$Q$2:$Q$61,$T52)) | S52: =IF($T52="","",INDEX(Data!$R$2:$R$61,$T52)) -> 0 | T52: =IFERROR(MATCH(25,Data!$V$2:$V$61,0),"") -> 25
B53: =IF($T53="","",HYPERLINK("#'"&INDEX(Data!$B$2:$B$61,$T53)&"'!G"&INDEX(Data!$C$2:$C$61,$T53),"✎")) -> ✎ | C53: =IF($T53="","",INDEX(Data!$A$2:$A$61,$T53)) -> Sara Moss - Site Manager | D53: =IF($T53="","",INDEX(Data!$D$2:$D$61,$T53)) -> A1280 | E53: =IF($T53="","",INDEX(Data!$E$2:$E$61,$T53)) -> Build package 28 | F53: =IF($T53="","",INDEX(Data!$F$2:$F$61,$T53)) -> Construction | G53: =IF($T53="","",INDEX(Data!$G$2:$G$61,$T53)) -> Completed | H53: =IF($T53="","",INDEX(Data!$H$2:$H$61,$T53)) -> 45426 | I53: =IF($T53="","",INDEX(Data!$I$2:$I$61,$T53)) -> 45447 | J53: =IF($T53="","",INDEX(Data!$J$2:$J$61,$T53)) -> 100 | K53: =IF($T53="","",INDEX(Data!$K$2:$K$61,$T53)) -> 45426 | L53: =IF($T53="","",INDEX(Data!$L$2:$L$61,$T53)) -> 45447 | M53: =IF($T53="","",INDEX(Data!$M$2:$M$61,$T53)) | N53: =IF($T53="","",INDEX(Data!$N$2:$N$61,$T53)) | O53: =IF($T53="","",INDEX(Data!$O$2:$O$61,$T53)) -> 0 | P53: =IF($T53="","",INDEX(Data!$P$2:$P$61,$T53)) -> ✓ Complete | Q53: =IF($T53="","",INDEX(Data!$W$2:$W$61,$T53)) | R53: =IF($T53="","",INDEX(Data!$Q$2:$Q$61,$T53)) | S53: =IF($T53="","",INDEX(Data!$R$2:$R$61,$T53)) -> 0 | T53: =IFERROR(MATCH(26,Data!$V$2:$V$61,0),"") -> 26
B54: =IF($T54="","",HYPERLINK("#'"&INDEX(Data!$B$2:$B$61,$T54)&"'!G"&INDEX(Data!$C$2:$C$61,$T54),"✎")) -> ✎ | C54: =IF($T54="","",INDEX(Data!$A$2:$A$61,$T54)) -> Sara Moss - Site Manager | D54: =IF($T54="","",INDEX(Data!$D$2:$D$61,$T54)) -> A1300 | E54: =IF($T54="","",INDEX(Data!$E$2:$E$61,$T54)) -> Build package 30 | F54: =IF($T54="","",INDEX(Data!$F$2:$F$61,$T54)) -> Construction | G54: =IF($T54="","",INDEX(Data!$G$2:$G$61,$T54)) -> Completed | H54: =IF($T54="","",INDEX(Data!$H$2:$H$61,$T54)) -> 45437 | I54: =IF($T54="","",INDEX(Data!$I$2:$I$61,$T54)) -> 45451 | J54: =IF($T54="","",INDEX(Data!$J$2:$J$61,$T54)) -> 100 | K54: =IF($T54="","",INDEX(Data!$K$2:$K$61,$T54)) -> 45437 | L54: =IF($T54="","",INDEX(Data!$L$2:$L$61,$T54)) -> 45451 | M54: =IF($T54="","",INDEX(Data!$M$2:$M$61,$T54)) | N54: =IF($T54="","",INDEX(Data!$N$2:$N$61,$T54)) | O54: =IF($T54="","",INDEX(Data!$O$2:$O$61,$T54)) -> 0 | P54: =IF($T54="","",INDEX(Data!$P$2:$P$61,$T54)) -> ✓ Complete | Q54: =IF($T54="","",INDEX(Data!$W$2:$W$61,$T54)) | R54: =IF($T54="","",INDEX(Data!$Q$2:$Q$61,$T54)) | S54: =IF($T54="","",INDEX(Data!$R$2:$R$61,$T54)) -> 0 | T54: =IFERROR(MATCH(27,Data!$V$2:$V$61,0),"") -> 27
B55: =IF($T55="","",HYPERLINK("#'"&INDEX(Data!$B$2:$B$61,$T55)&"'!G"&INDEX(Data!$C$2:$C$61,$T55),"✎")) -> ✎ | C55: =IF($T55="","",INDEX(Data!$A$2:$A$61,$T55)) -> Sara Moss - Site Manager | D55: =IF($T55="","",INDEX(Data!$D$2:$D$61,$T55)) -> A1320 | E55: =IF($T55="","",INDEX(Data!$E$2:$E$61,$T55)) -> Build package 32 | F55: =IF($T55="","",INDEX(Data!$F$2:$F$61,$T55)) -> Construction | G55: =IF($T55="","",INDEX(Data!$G$2:$G$61,$T55)) -> In Progress | H55: =IF($T55="","",INDEX(Data!$H$2:$H$61,$T55)) -> 45447 | I55: =IF($T55="","",INDEX(Data!$I$2:$I$61,$T55)) -> 45454 | J55: =IF($T55="","",INDEX(Data!$J$2:$J$61,$T55)) -> 80 | K55: =IF($T55="","",INDEX(Data!$K$2:$K$61,$T55)) -> 45447 | L55: =IF($T55="","",INDEX(Data!$L$2:$L$61,$T55)) | M55: =IF($T55="","",INDEX(Data!$M$2:$M$61,$T55)) | N55: =IF($T55="","",INDEX(Data!$N$2:$N$61,$T55)) | O55: =IF($T55="","",INDEX(Data!$O$2:$O$61,$T55)) -> 0 | P55: =IF($T55="","",INDEX(Data!$P$2:$P$61,$T55)) -> Finish date needed | Q55: =IF($T55="","",INDEX(Data!$W$2:$W$61,$T55)) | R55: =IF($T55="","",INDEX(Data!$Q$2:$Q$61,$T55)) | S55: =IF($T55="","",INDEX(Data!$R$2:$R$61,$T55)) -> 0 | T55: =IFERROR(MATCH(28,Data!$V$2:$V$61,0),"") -> 28
B56: =IF($T56="","",HYPERLINK("#'"&INDEX(Data!$B$2:$B$61,$T56)&"'!G"&INDEX(Data!$C$2:$C$61,$T56),"✎")) -> ✎ | C56: =IF($T56="","",INDEX(Data!$A$2:$A$61,$T56)) -> Sara Moss - Site Manager | D56: =IF($T56="","",INDEX(Data!$D$2:$D$61,$T56)) -> A1340 | E56: =IF($T56="","",INDEX(Data!$E$2:$E$61,$T56)) -> Build package 34 | F56: =IF($T56="","",INDEX(Data!$F$2:$F$61,$T56)) -> Construction | G56: =IF($T56="","",INDEX(Data!$G$2:$G$61,$T56)) -> In Progress | H56: =IF($T56="","",INDEX(Data!$H$2:$H$61,$T56)) -> 45451 | I56: =IF($T56="","",INDEX(Data!$I$2:$I$61,$T56)) -> 45455 | J56: =IF($T56="","",INDEX(Data!$J$2:$J$61,$T56)) -> 40 | K56: =IF($T56="","",INDEX(Data!$K$2:$K$61,$T56)) -> 45451 | L56: =IF($T56="","",INDEX(Data!$L$2:$L$61,$T56)) | M56: =IF($T56="","",INDEX(Data!$M$2:$M$61,$T56)) | N56: =IF($T56="","",INDEX(Data!$N$2:$N$61,$T56)) | O56: =IF($T56="","",INDEX(Data!$O$2:$O$61,$T56)) -> 0 | P56: =IF($T56="","",INDEX(Data!$P$2:$P$61,$T56)) -> Finish date needed | Q56: =IF($T56="","",INDEX(Data!$W$2:$W$61,$T56)) | R56: =IF($T56="","",INDEX(Data!$Q$2:$Q$61,$T56)) | S56: =IF($T56="","",INDEX(Data!$R$2:$R$61,$T56)) -> 0 | T56: =IFERROR(MATCH(29,Data!$V$2:$V$61,0),"") -> 29
B57: =IF($T57="","",HYPERLINK("#'"&INDEX(Data!$B$2:$B$61,$T57)&"'!G"&INDEX(Data!$C$2:$C$61,$T57),"✎")) -> ✎ | C57: =IF($T57="","",INDEX(Data!$A$2:$A$61,$T57)) -> Sara Moss - Site Manager | D57: =IF($T57="","",INDEX(Data!$D$2:$D$61,$T57)) -> A1360 | E57: =IF($T57="","",INDEX(Data!$E$2:$E$61,$T57)) -> Build package 36 | F57: =IF($T57="","",INDEX(Data!$F$2:$F$61,$T57)) -> Construction | G57: =IF($T57="","",INDEX(Data!$G$2:$G$61,$T57)) -> In Progress | H57: =IF($T57="","",INDEX(Data!$H$2:$H$61,$T57)) -> 45458 | I57: =IF($T57="","",INDEX(Data!$I$2:$I$61,$T57)) -> 45479 | J57: =IF($T57="","",INDEX(Data!$J$2:$J$61,$T57)) -> 10 | K57: =IF($T57="","",INDEX(Data!$K$2:$K$61,$T57)) -> 45458 | L57: =IF($T57="","",INDEX(Data!$L$2:$L$61,$T57)) | M57: =IF($T57="","",INDEX(Data!$M$2:$M$61,$T57)) | N57: =IF($T57="","",INDEX(Data!$N$2:$N$61,$T57)) | O57: =IF($T57="","",INDEX(Data!$O$2:$O$61,$T57)) -> 0 | P57: =IF($T57="","",INDEX(Data!$P$2:$P$61,$T57)) -> Not changed yet | Q57: =IF($T57="","",INDEX(Data!$W$2:$W$61,$T57)) | R57: =IF($T57="","",INDEX(Data!$Q$2:$Q$61,$T57)) | S57: =IF($T57="","",INDEX(Data!$R$2:$R$61,$T57)) -> 0 | T57: =IFERROR(MATCH(30,Data!$V$2:$V$61,0),"") -> 30
B58: =IF($T58="","",HYPERLINK("#'"&INDEX(Data!$B$2:$B$61,$T58)&"'!G"&INDEX(Data!$C$2:$C$61,$T58),"✎")) -> ✎ | C58: =IF($T58="","",INDEX(Data!$A$2:$A$61,$T58)) -> Sara Moss - Site Manager | D58: =IF($T58="","",INDEX(Data!$D$2:$D$61,$T58)) -> A1380 | E58: =IF($T58="","",INDEX(Data!$E$2:$E$61,$T58)) -> Build package 38 | F58: =IF($T58="","",INDEX(Data!$F$2:$F$61,$T58)) -> Construction | G58: =IF($T58="","",INDEX(Data!$G$2:$G$61,$T58)) -> In Progress | H58: =IF($T58="","",INDEX(Data!$H$2:$H$61,$T58)) -> 45471 | I58: =IF($T58="","",INDEX(Data!$I$2:$I$61,$T58)) -> 45485 | J58: =IF($T58="","",INDEX(Data!$J$2:$J$61,$T58)) -> 60 | K58: =IF($T58="","",INDEX(Data!$K$2:$K$61,$T58)) -> 45471 | L58: =IF($T58="","",INDEX(Data!$L$2:$L$61,$T58)) | M58: =IF($T58="","",INDEX(Data!$M$2:$M$61,$T58)) | N58: =IF($T58="","",INDEX(Data!$N$2:$N$61,$T58)) | O58: =IF($T58="","",INDEX(Data!$O$2:$O$61,$T58)) -> 0 | P58: =IF($T58="","",INDEX(Data!$P$2:$P$61,$T58)) -> Not changed yet | Q58: =IF($T58="","",INDEX(Data!$W$2:$W$61,$T58)) | R58: =IF($T58="","",INDEX(Data!$Q$2:$Q$61,$T58)) | S58: =IF($T58="","",INDEX(Data!$R$2:$R$61,$T58)) -> 0 | T58: =IFERROR(MATCH(31,Data!$V$2:$V$61,0),"") -> 31
B59: =IF($T59="","",HYPERLINK("#'"&INDEX(Data!$B$2:$B$61,$T59)&"'!G"&INDEX(Data!$C$2:$C$61,$T59),"✎")) -> ✎ | C59: =IF($T59="","",INDEX(Data!$A$2:$A$61,$T59)) -> Sara Moss - Site Manager | D59: =IF($T59="","",INDEX(Data!$D$2:$D$61,$T59)) -> A1400 | E59: =IF($T59="","",INDEX(Data!$E$2:$E$61,$T59)) -> Build package 40 | F59: =IF($T59="","",INDEX(Data!$F$2:$F$61,$T59)) -> Construction | G59: =IF($T59="","",INDEX(Data!$G$2:$G$61,$T59)) -> Not Started | H59: =IF($T59="","",INDEX(Data!$H$2:$H$61,$T59)) -> 45513 | I59: =IF($T59="","",INDEX(Data!$I$2:$I$61,$T59)) -> 45520 | J59: =IF($T59="","",INDEX(Data!$J$2:$J$61,$T59)) -> 0 | K59: =IF($T59="","",INDEX(Data!$K$2:$K$61,$T59)) | L59: =IF($T59="","",INDEX(Data!$L$2:$L$61,$T59)) | M59: =IF($T59="","",INDEX(Data!$M$2:$M$61,$T59)) | N59: =IF($T59="","",INDEX(Data!$N$2:$N$61,$T59)) | O59: =IF($T59="","",INDEX(Data!$O$2:$O$61,$T59)) -> 0 | P59: =IF($T59="","",INDEX(Data!$P$2:$P$61,$T59)) -> Not changed yet | Q59: =IF($T59="","",INDEX(Data!$W$2:$W$61,$T59)) | R59: =IF($T59="","",INDEX(Data!$Q$2:$Q$61,$T59)) | S59: =IF($T59="","",INDEX(Data!$R$2:$R$61,$T59)) -> 0 | T59: =IFERROR(MATCH(32,Data!$V$2:$V$61,0),"") -> 32
B60: =IF($T60="","",HYPERLINK("#'"&INDEX(Data!$B$2:$B$61,$T60)&"'!G"&INDEX(Data!$C$2:$C$61,$T60),"✎")) -> ✎ | C60: =IF($T60="","",INDEX(Data!$A$2:$A$61,$T60)) -> Sara Moss - Site Manager | D60: =IF($T60="","",INDEX(Data!$D$2:$D$61,$T60)) -> A1420 | E60: =IF($T60="","",INDEX(Data!$E$2:$E$61,$T60)) -> Build package 42 | F60: =IF($T60="","",INDEX(Data!$F$2:$F$61,$T60)) -> Construction | G60: =IF($T60="","",INDEX(Data!$G$2:$G$61,$T60)) -> Not Started | H60: =IF($T60="","",INDEX(Data!$H$2:$H$61,$T60)) -> 45526 | I60: =IF($T60="","",INDEX(Data!$I$2:$I$61,$T60)) -> 45529 | J60: =IF($T60="","",INDEX(Data!$J$2:$J$61,$T60)) -> 0 | K60: =IF($T60="","",INDEX(Data!$K$2:$K$61,$T60)) | L60: =IF($T60="","",INDEX(Data!$L$2:$L$61,$T60)) | M60: =IF($T60="","",INDEX(Data!$M$2:$M$61,$T60)) | N60: =IF($T60="","",INDEX(Data!$N$2:$N$61,$T60)) | O60: =IF($T60="","",INDEX(Data!$O$2:$O$61,$T60)) -> 0 | P60: =IF($T60="","",INDEX(Data!$P$2:$P$61,$T60)) -> Not changed yet | Q60: =IF($T60="","",INDEX(Data!$W$2:$W$61,$T60)) | R60: =IF($T60="","",INDEX(Data!$Q$2:$Q$61,$T60)) | S60: =IF($T60="","",INDEX(Data!$R$2:$R$61,$T60)) -> 0 | T60: =IFERROR(MATCH(33,Data!$V$2:$V$61,0),"") -> 33
B61: =IF($T61="","",HYPERLINK("#'"&INDEX(Data!$B$2:$B$61,$T61)&"'!G"&INDEX(Data!$C$2:$C$61,$T61),"✎")) -> ✎ | C61: =IF($T61="","",INDEX(Data!$A$2:$A$61,$T61)) -> Sara Moss - Site Manager | D61: =IF($T61="","",INDEX(Data!$D$2:$D$61,$T61)) -> A1440 | E61: =IF($T61="","",INDEX(Data!$E$2:$E$61,$T61)) -> Build package 44 | F61: =IF($T61="","",INDEX(Data!$F$2:$F$61,$T61)) -> Construction | G61: =IF($T61="","",INDEX(Data!$G$2:$G$61,$T61)) -> Not Started | H61: =IF($T61="","",INDEX(Data!$H$2:$H$61,$T61)) -> 45537 | I61: =IF($T61="","",INDEX(Data!$I$2:$I$61,$T61)) -> 45544 | J61: =IF($T61="","",INDEX(Data!$J$2:$J$61,$T61)) -> 0 | K61: =IF($T61="","",INDEX(Data!$K$2:$K$61,$T61)) | L61: =IF($T61="","",INDEX(Data!$L$2:$L$61,$T61)) | M61: =IF($T61="","",INDEX(Data!$M$2:$M$61,$T61)) | N61: =IF($T61="","",INDEX(Data!$N$2:$N$61,$T61)) | O61: =IF($T61="","",INDEX(Data!$O$2:$O$61,$T61)) -> 0 | P61: =IF($T61="","",INDEX(Data!$P$2:$P$61,$T61)) -> Not changed yet | Q61: =IF($T61="","",INDEX(Data!$W$2:$W$61,$T61)) | R61: =IF($T61="","",INDEX(Data!$Q$2:$Q$61,$T61)) | S61: =IF($T61="","",INDEX(Data!$R$2:$R$61,$T61)) -> 0 | T61: =IFERROR(MATCH(34,Data!$V$2:$V$61,0),"") -> 34
B62: =IF($T62="","",HYPERLINK("#'"&INDEX(Data!$B$2:$B$61,$T62)&"'!G"&INDEX(Data!$C$2:$C$61,$T62),"✎")) -> ✎ | C62: =IF($T62="","",INDEX(Data!$A$2:$A$61,$T62)) -> Sara Moss - Site Manager | D62: =IF($T62="","",INDEX(Data!$D$2:$D$61,$T62)) -> A1460 | E62: =IF($T62="","",INDEX(Data!$E$2:$E$61,$T62)) -> Build package 46 | F62: =IF($T62="","",INDEX(Data!$F$2:$F$61,$T62)) -> Construction | G62: =IF($T62="","",INDEX(Data!$G$2:$G$61,$T62)) -> Not Started | H62: =IF($T62="","",INDEX(Data!$H$2:$H$61,$T62)) -> 45550 | I62: =IF($T62="","",INDEX(Data!$I$2:$I$61,$T62)) -> 45553 | J62: =IF($T62="","",INDEX(Data!$J$2:$J$61,$T62)) -> 0 | K62: =IF($T62="","",INDEX(Data!$K$2:$K$61,$T62)) | L62: =IF($T62="","",INDEX(Data!$L$2:$L$61,$T62)) | M62: =IF($T62="","",INDEX(Data!$M$2:$M$61,$T62)) | N62: =IF($T62="","",INDEX(Data!$N$2:$N$61,$T62)) | O62: =IF($T62="","",INDEX(Data!$O$2:$O$61,$T62)) -> 0 | P62: =IF($T62="","",INDEX(Data!$P$2:$P$61,$T62)) -> Not changed yet | Q62: =IF($T62="","",INDEX(Data!$W$2:$W$61,$T62)) | R62: =IF($T62="","",INDEX(Data!$Q$2:$Q$61,$T62)) | S62: =IF($T62="","",INDEX(Data!$R$2:$R$61,$T62)) -> 0 | T62: =IFERROR(MATCH(35,Data!$V$2:$V$61,0),"") -> 35
B63: =IF($T63="","",HYPERLINK("#'"&INDEX(Data!$B$2:$B$61,$T63)&"'!G"&INDEX(Data!$C$2:$C$61,$T63),"✎")) -> ✎ | C63: =IF($T63="","",INDEX(Data!$A$2:$A$61,$T63)) -> Sara Moss - Site Manager | D63: =IF($T63="","",INDEX(Data!$D$2:$D$61,$T63)) -> A1480 | E63: =IF($T63="","",INDEX(Data!$E$2:$E$61,$T63)) -> Build package 48 | F63: =IF($T63="","",INDEX(Data!$F$2:$F$61,$T63)) -> Construction | G63: =IF($T63="","",INDEX(Data!$G$2:$G$61,$T63)) -> Not Started | H63: =IF($T63="","",INDEX(Data!$H$2:$H$61,$T63)) -> 45554 | I63: =IF($T63="","",INDEX(Data!$I$2:$I$61,$T63)) -> 45568 | J63: =IF($T63="","",INDEX(Data!$J$2:$J$61,$T63)) -> 0 | K63: =IF($T63="","",INDEX(Data!$K$2:$K$61,$T63)) | L63: =IF($T63="","",INDEX(Data!$L$2:$L$61,$T63)) | M63: =IF($T63="","",INDEX(Data!$M$2:$M$61,$T63)) | N63: =IF($T63="","",INDEX(Data!$N$2:$N$61,$T63)) | O63: =IF($T63="","",INDEX(Data!$O$2:$O$61,$T63)) -> 0 | P63: =IF($T63="","",INDEX(Data!$P$2:$P$61,$T63)) -> Not changed yet | Q63: =IF($T63="","",INDEX(Data!$W$2:$W$61,$T63)) | R63: =IF($T63="","",INDEX(Data!$Q$2:$Q$61,$T63)) | S63: =IF($T63="","",INDEX(Data!$R$2:$R$61,$T63)) -> 0 | T63: =IFERROR(MATCH(36,Data!$V$2:$V$61,0),"") -> 36
B64: =IF($T64="","",HYPERLINK("#'"&INDEX(Data!$B$2:$B$61,$T64)&"'!G"&INDEX(Data!$C$2:$C$61,$T64),"✎")) -> ✎ | C64: =IF($T64="","",INDEX(Data!$A$2:$A$61,$T64)) -> Sara Moss - Site Manager | D64: =IF($T64="","",INDEX(Data!$D$2:$D$61,$T64)) -> A1500 | E64: =IF($T64="","",INDEX(Data!$E$2:$E$61,$T64)) -> Build package 50 | F64: =IF($T64="","",INDEX(Data!$F$2:$F$61,$T64)) -> Construction | G64: =IF($T64="","",INDEX(Data!$G$2:$G$61,$T64)) -> Not Started | H64: =IF($T64="","",INDEX(Data!$H$2:$H$61,$T64)) -> 45566 | I64: =IF($T64="","",INDEX(Data!$I$2:$I$61,$T64)) -> 45570 | J64: =IF($T64="","",INDEX(Data!$J$2:$J$61,$T64)) -> 0 | K64: =IF($T64="","",INDEX(Data!$K$2:$K$61,$T64)) | L64: =IF($T64="","",INDEX(Data!$L$2:$L$61,$T64)) | M64: =IF($T64="","",INDEX(Data!$M$2:$M$61,$T64)) | N64: =IF($T64="","",INDEX(Data!$N$2:$N$61,$T64)) | O64: =IF($T64="","",INDEX(Data!$O$2:$O$61,$T64)) -> 0 | P64: =IF($T64="","",INDEX(Data!$P$2:$P$61,$T64)) -> Not changed yet | Q64: =IF($T64="","",INDEX(Data!$W$2:$W$61,$T64)) | R64: =IF($T64="","",INDEX(Data!$Q$2:$Q$61,$T64)) | S64: =IF($T64="","",INDEX(Data!$R$2:$R$61,$T64)) -> 0 | T64: =IFERROR(MATCH(37,Data!$V$2:$V$61,0),"") -> 37
B65: =IF($T65="","",HYPERLINK("#'"&INDEX(Data!$B$2:$B$61,$T65)&"'!G"&INDEX(Data!$C$2:$C$61,$T65),"✎")) -> ✎ | C65: =IF($T65="","",INDEX(Data!$A$2:$A$61,$T65)) -> Sara Moss - Site Manager | D65: =IF($T65="","",INDEX(Data!$D$2:$D$61,$T65)) -> A1520 | E65: =IF($T65="","",INDEX(Data!$E$2:$E$61,$T65)) -> Build package 52 | F65: =IF($T65="","",INDEX(Data!$F$2:$F$61,$T65)) -> Construction | G65: =IF($T65="","",INDEX(Data!$G$2:$G$61,$T65)) -> Not Started | H65: =IF($T65="","",INDEX(Data!$H$2:$H$61,$T65)) -> 45570 | I65: =IF($T65="","",INDEX(Data!$I$2:$I$61,$T65)) -> 45581 | J65: =IF($T65="","",INDEX(Data!$J$2:$J$61,$T65)) -> 0 | K65: =IF($T65="","",INDEX(Data!$K$2:$K$61,$T65)) | L65: =IF($T65="","",INDEX(Data!$L$2:$L$61,$T65)) | M65: =IF($T65="","",INDEX(Data!$M$2:$M$61,$T65)) | N65: =IF($T65="","",INDEX(Data!$N$2:$N$61,$T65)) | O65: =IF($T65="","",INDEX(Data!$O$2:$O$61,$T65)) -> 0 | P65: =IF($T65="","",INDEX(Data!$P$2:$P$61,$T65)) -> Not changed yet | Q65: =IF($T65="","",INDEX(Data!$W$2:$W$61,$T65)) | R65: =IF($T65="","",INDEX(Data!$Q$2:$Q$61,$T65)) | S65: =IF($T65="","",INDEX(Data!$R$2:$R$61,$T65)) -> 0 | T65: =IFERROR(MATCH(38,Data!$V$2:$V$61,0),"") -> 38
B66: =IF($T66="","",HYPERLINK("#'"&INDEX(Data!$B$2:$B$61,$T66)&"'!G"&INDEX(Data!$C$2:$C$61,$T66),"✎")) -> ✎ | C66: =IF($T66="","",INDEX(Data!$A$2:$A$61,$T66)) -> Sara Moss - Site Manager | D66: =IF($T66="","",INDEX(Data!$D$2:$D$61,$T66)) -> A1540 | E66: =IF($T66="","",INDEX(Data!$E$2:$E$61,$T66)) -> Build package 54 | F66: =IF($T66="","",INDEX(Data!$F$2:$F$61,$T66)) -> Construction | G66: =IF($T66="","",INDEX(Data!$G$2:$G$61,$T66)) -> Not Started | H66: =IF($T66="","",INDEX(Data!$H$2:$H$61,$T66)) -> 45610 | I66: =IF($T66="","",INDEX(Data!$I$2:$I$61,$T66)) -> 45613 | J66: =IF($T66="","",INDEX(Data!$J$2:$J$61,$T66)) -> 0 | K66: =IF($T66="","",INDEX(Data!$K$2:$K$61,$T66)) | L66: =IF($T66="","",INDEX(Data!$L$2:$L$61,$T66)) | M66: =IF($T66="","",INDEX(Data!$M$2:$M$61,$T66)) | N66: =IF($T66="","",INDEX(Data!$N$2:$N$61,$T66)) | O66: =IF($T66="","",INDEX(Data!$O$2:$O$61,$T66)) -> 0 | P66: =IF($T66="","",INDEX(Data!$P$2:$P$61,$T66)) -> Not changed yet | Q66: =IF($T66="","",INDEX(Data!$W$2:$W$61,$T66)) | R66: =IF($T66="","",INDEX(Data!$Q$2:$Q$61,$T66)) | S66: =IF($T66="","",INDEX(Data!$R$2:$R$61,$T66)) -> 0 | T66: =IFERROR(MATCH(39,Data!$V$2:$V$61,0),"") -> 39
B67: =IF($T67="","",HYPERLINK("#'"&INDEX(Data!$B$2:$B$61,$T67)&"'!G"&INDEX(Data!$C$2:$C$61,$T67),"✎")) -> ✎ | C67: =IF($T67="","",INDEX(Data!$A$2:$A$61,$T67)) -> Sara Moss - Site Manager | D67: =IF($T67="","",INDEX(Data!$D$2:$D$61,$T67)) -> A1560 | E67: =IF($T67="","",INDEX(Data!$E$2:$E$61,$T67)) -> Build package 56 | F67: =IF($T67="","",INDEX(Data!$F$2:$F$61,$T67)) -> Construction | G67: =IF($T67="","",INDEX(Data!$G$2:$G$61,$T67)) -> Not Started | H67: =IF($T67="","",INDEX(Data!$H$2:$H$61,$T67)) -> 45616 | I67: =IF($T67="","",INDEX(Data!$I$2:$I$61,$T67)) -> 45630 | J67: =IF($T67="","",INDEX(Data!$J$2:$J$61,$T67)) -> 0 | K67: =IF($T67="","",INDEX(Data!$K$2:$K$61,$T67)) | L67: =IF($T67="","",INDEX(Data!$L$2:$L$61,$T67)) | M67: =IF($T67="","",INDEX(Data!$M$2:$M$61,$T67)) | N67: =IF($T67="","",INDEX(Data!$N$2:$N$61,$T67)) | O67: =IF($T67="","",INDEX(Data!$O$2:$O$61,$T67)) -> 0 | P67: =IF($T67="","",INDEX(Data!$P$2:$P$61,$T67)) -> Not changed yet | Q67: =IF($T67="","",INDEX(Data!$W$2:$W$61,$T67)) | R67: =IF($T67="","",INDEX(Data!$Q$2:$Q$61,$T67)) | S67: =IF($T67="","",INDEX(Data!$R$2:$R$61,$T67)) -> 0 | T67: =IFERROR(MATCH(40,Data!$V$2:$V$61,0),"") -> 40
B68: =IF($T68="","",HYPERLINK("#'"&INDEX(Data!$B$2:$B$61,$T68)&"'!G"&INDEX(Data!$C$2:$C$61,$T68),"✎")) -> ✎ | C68: =IF($T68="","",INDEX(Data!$A$2:$A$61,$T68)) -> Sara Moss - Site Manager | D68: =IF($T68="","",INDEX(Data!$D$2:$D$61,$T68)) -> A1580 | E68: =IF($T68="","",INDEX(Data!$E$2:$E$61,$T68)) -> Build package 58 | F68: =IF($T68="","",INDEX(Data!$F$2:$F$61,$T68)) -> Construction | G68: =IF($T68="","",INDEX(Data!$G$2:$G$61,$T68)) -> Not Started | H68: =IF($T68="","",INDEX(Data!$H$2:$H$61,$T68)) -> 45625 | I68: =IF($T68="","",INDEX(Data!$I$2:$I$61,$T68)) -> 45695 | J68: =IF($T68="","",INDEX(Data!$J$2:$J$61,$T68)) -> 0 | K68: =IF($T68="","",INDEX(Data!$K$2:$K$61,$T68)) | L68: =IF($T68="","",INDEX(Data!$L$2:$L$61,$T68)) | M68: =IF($T68="","",INDEX(Data!$M$2:$M$61,$T68)) | N68: =IF($T68="","",INDEX(Data!$N$2:$N$61,$T68)) | O68: =IF($T68="","",INDEX(Data!$O$2:$O$61,$T68)) -> 0 | P68: =IF($T68="","",INDEX(Data!$P$2:$P$61,$T68)) -> Not changed yet | Q68: =IF($T68="","",INDEX(Data!$W$2:$W$61,$T68)) | R68: =IF($T68="","",INDEX(Data!$Q$2:$Q$61,$T68)) | S68: =IF($T68="","",INDEX(Data!$R$2:$R$61,$T68)) -> 0 | T68: =IFERROR(MATCH(41,Data!$V$2:$V$61,0),"") -> 41
B69: =IF($T69="","",HYPERLINK("#'"&INDEX(Data!$B$2:$B$61,$T69)&"'!G"&INDEX(Data!$C$2:$C$61,$T69),"✎")) -> ✎ | C69: =IF($T69="","",INDEX(Data!$A$2:$A$61,$T69)) -> Tom Reid - Package Manager | D69: =IF($T69="","",INDEX(Data!$D$2:$D$61,$T69)) -> A1210 | E69: =IF($T69="","",INDEX(Data!$E$2:$E$61,$T69)) -> Build package 21 | F69: =IF($T69="","",INDEX(Data!$F$2:$F$61,$T69)) -> Construction | G69: =IF($T69="","",INDEX(Data!$G$2:$G$61,$T69)) -> Completed | H69: =IF($T69="","",INDEX(Data!$H$2:$H$61,$T69)) -> 45362 | I69: =IF($T69="","",INDEX(Data!$I$2:$I$61,$T69)) -> 45376 | J69: =IF($T69="","",INDEX(Data!$J$2:$J$61,$T69)) -> 100 | K69: =IF($T69="","",INDEX(Data!$K$2:$K$61,$T69)) -> 45362 | L69: =IF($T69="","",INDEX(Data!$L$2:$L$61,$T69)) -> 45376 | M69: =IF($T69="","",INDEX(Data!$M$2:$M$61,$T69)) | N69: =IF($T69="","",INDEX(Data!$N$2:$N$61,$T69)) | O69: =IF($T69="","",INDEX(Data!$O$2:$O$61,$T69)) -> 0 | P69: =IF($T69="","",INDEX(Data!$P$2:$P$61,$T69)) -> ✓ Complete | Q69: =IF($T69="","",INDEX(Data!$W$2:$W$61,$T69)) | R69: =IF($T69="","",INDEX(Data!$Q$2:$Q$61,$T69)) | S69: =IF($T69="","",INDEX(Data!$R$2:$R$61,$T69)) -> 0 | T69: =IFERROR(MATCH(42,Data!$V$2:$V$61,0),"") -> 42
B70: =IF($T70="","",HYPERLINK("#'"&INDEX(Data!$B$2:$B$61,$T70)&"'!G"&INDEX(Data!$C$2:$C$61,$T70),"✎")) -> ✎ | C70: =IF($T70="","",INDEX(Data!$A$2:$A$61,$T70)) -> Tom Reid - Package Manager | D70: =IF($T70="","",INDEX(Data!$D$2:$D$61,$T70)) -> A1230 | E70: =IF($T70="","",INDEX(Data!$E$2:$E$61,$T70)) -> Build package 23 | F70: =IF($T70="","",INDEX(Data!$F$2:$F$61,$T70)) -> Construction | G70: =IF($T70="","",INDEX(Data!$G$2:$G$61,$T70)) -> Completed | H70: =IF($T70="","",INDEX(Data!$H$2:$H$61,$T70)) -> 45376 | I70: =IF($T70="","",INDEX(Data!$I$2:$I$61,$T70)) -> 45387 | J70: =IF($T70="","",INDEX(Data!$J$2:$J$61,$T70)) -> 100 | K70: =IF($T70="","",INDEX(Data!$K$2:$K$61,$T70)) -> 45376 | L70: =IF($T70="","",INDEX(Data!$L$2:$L$61,$T70)) -> 45387 | M70: =IF($T70="","",INDEX(Data!$M$2:$M$61,$T70)) | N70: =IF($T70="","",INDEX(Data!$N$2:$N$61,$T70)) | O70: =IF($T70="","",INDEX(Data!$O$2:$O$61,$T70)) -> 0 | P70: =IF($T70="","",INDEX(Data!$P$2:$P$61,$T70)) -> ✓ Complete | Q70: =IF($T70="","",INDEX(Data!$W$2:$W$61,$T70)) | R70: =IF($T70="","",INDEX(Data!$Q$2:$Q$61,$T70)) | S70: =IF($T70="","",INDEX(Data!$R$2:$R$61,$T70)) -> 0 | T70: =IFERROR(MATCH(43,Data!$V$2:$V$61,0),"") -> 43
B71: =IF($T71="","",HYPERLINK("#'"&INDEX(Data!$B$2:$B$61,$T71)&"'!G"&INDEX(Data!$C$2:$C$61,$T71),"✎")) -> ✎ | C71: =IF($T71="","",INDEX(Data!$A$2:$A$61,$T71)) -> Tom Reid - Package Manager | D71: =IF($T71="","",INDEX(Data!$D$2:$D$61,$T71)) -> A1250 | E71: =IF($T71="","",INDEX(Data!$E$2:$E$61,$T71)) -> Build package 25 | F71: =IF($T71="","",INDEX(Data!$F$2:$F$61,$T71)) -> Construction | G71: =IF($T71="","",INDEX(Data!$G$2:$G$61,$T71)) -> Completed | H71: =IF($T71="","",INDEX(Data!$H$2:$H$61,$T71)) -> 45416 | I71: =IF($T71="","",INDEX(Data!$I$2:$I$61,$T71)) -> 45427 | J71: =IF($T71="","",INDEX(Data!$J$2:$J$61,$T71)) -> 100 | K71: =IF($T71="","",INDEX(Data!$K$2:$K$61,$T71)) -> 45416 | L71: =IF($T71="","",INDEX(Data!$L$2:$L$61,$T71)) -> 45427 | M71: =IF($T71="","",INDEX(Data!$M$2:$M$61,$T71)) | N71: =IF($T71="","",INDEX(Data!$N$2:$N$61,$T71)) | O71: =IF($T71="","",INDEX(Data!$O$2:$O$61,$T71)) -> 0 | P71: =IF($T71="","",INDEX(Data!$P$2:$P$61,$T71)) -> ✓ Complete | Q71: =IF($T71="","",INDEX(Data!$W$2:$W$61,$T71)) | R71: =IF($T71="","",INDEX(Data!$Q$2:$Q$61,$T71)) | S71: =IF($T71="","",INDEX(Data!$R$2:$R$61,$T71)) -> 0 | T71: =IFERROR(MATCH(44,Data!$V$2:$V$61,0),"") -> 44
B72: =IF($T72="","",HYPERLINK("#'"&INDEX(Data!$B$2:$B$61,$T72)&"'!G"&INDEX(Data!$C$2:$C$61,$T72),"✎")) -> ✎ | C72: =IF($T72="","",INDEX(Data!$A$2:$A$61,$T72)) -> Tom Reid - Package Manager | D72: =IF($T72="","",INDEX(Data!$D$2:$D$61,$T72)) -> A1270 | E72: =IF($T72="","",INDEX(Data!$E$2:$E$61,$T72)) -> Build package 27 | F72: =IF($T72="","",INDEX(Data!$F$2:$F$61,$T72)) -> Construction | G72: =IF($T72="","",INDEX(Data!$G$2:$G$61,$T72)) -> Completed | H72: =IF($T72="","",INDEX(Data!$H$2:$H$61,$T72)) -> 45424 | I72: =IF($T72="","",INDEX(Data!$I$2:$I$61,$T72)) -> 45428 | J72: =IF($T72="","",INDEX(Data!$J$2:$J$61,$T72)) -> 100 | K72: =IF($T72="","",INDEX(Data!$K$2:$K$61,$T72)) -> 45424 | L72: =IF($T72="","",INDEX(Data!$L$2:$L$61,$T72)) -> 45428 | M72: =IF($T72="","",INDEX(Data!$M$2:$M$61,$T72)) | N72: =IF($T72="","",INDEX(Data!$N$2:$N$61,$T72)) | O72: =IF($T72="","",INDEX(Data!$O$2:$O$61,$T72)) -> 0 | P72: =IF($T72="","",INDEX(Data!$P$2:$P$61,$T72)) -> ✓ Complete | Q72: =IF($T72="","",INDEX(Data!$W$2:$W$61,$T72)) | R72: =IF($T72="","",INDEX(Data!$Q$2:$Q$61,$T72)) | S72: =IF($T72="","",INDEX(Data!$R$2:$R$61,$T72)) -> 0 | T72: =IFERROR(MATCH(45,Data!$V$2:$V$61,0),"") -> 45
B73: =IF($T73="","",HYPERLINK("#'"&INDEX(Data!$B$2:$B$61,$T73)&"'!G"&INDEX(Data!$C$2:$C$61,$T73),"✎")) -> ✎ | C73: =IF($T73="","",INDEX(Data!$A$2:$A$61,$T73)) -> Tom Reid - Package Manager | D73: =IF($T73="","",INDEX(Data!$D$2:$D$61,$T73)) -> A1290 | E73: =IF($T73="","",INDEX(Data!$E$2:$E$61,$T73)) -> Build package 29 | F73: =IF($T73="","",INDEX(Data!$F$2:$F$61,$T73)) -> Construction | G73: =IF($T73="","",INDEX(Data!$G$2:$G$61,$T73)) -> Completed | H73: =IF($T73="","",INDEX(Data!$H$2:$H$61,$T73)) -> 45436 | I73: =IF($T73="","",INDEX(Data!$I$2:$I$61,$T73)) -> 45439 | J73: =IF($T73="","",INDEX(Data!$J$2:$J$61,$T73)) -> 100 | K73: =IF($T73="","",INDEX(Data!$K$2:$K$61,$T73)) -> 45436 | L73: =IF($T73="","",INDEX(Data!$L$2:$L$61,$T73)) -> 45439 | M73: =IF($T73="","",INDEX(Data!$M$2:$M$61,$T73)) | N73: =IF($T73="","",INDEX(Data!$N$2:$N$61,$T73)) | O73: =IF($T73="","",INDEX(Data!$O$2:$O$61,$T73)) -> 0 | P73: =IF($T73="","",INDEX(Data!$P$2:$P$61,$T73)) -> ✓ Complete | Q73: =IF($T73="","",INDEX(Data!$W$2:$W$61,$T73)) | R73: =IF($T73="","",INDEX(Data!$Q$2:$Q$61,$T73)) | S73: =IF($T73="","",INDEX(Data!$R$2:$R$61,$T73)) -> 0 | T73: =IFERROR(MATCH(46,Data!$V$2:$V$61,0),"") -> 46
B74: =IF($T74="","",HYPERLINK("#'"&INDEX(Data!$B$2:$B$61,$T74)&"'!G"&INDEX(Data!$C$2:$C$61,$T74),"✎")) -> ✎ | C74: =IF($T74="","",INDEX(Data!$A$2:$A$61,$T74)) -> Tom Reid - Package Manager | D74: =IF($T74="","",INDEX(Data!$D$2:$D$61,$T74)) -> A1310 | E74: =IF($T74="","",INDEX(Data!$E$2:$E$61,$T74)) -> Build package 31 | F74: =IF($T74="","",INDEX(Data!$F$2:$F$61,$T74)) -> Construction | G74: =IF($T74="","",INDEX(Data!$G$2:$G$61,$T74)) -> Completed | H74: =IF($T74="","",INDEX(Data!$H$2:$H$61,$T74)) -> 45444 | I74: =IF($T74="","",INDEX(Data!$I$2:$I$61,$T74)) -> 45451 | J74: =IF($T74="","",INDEX(Data!$J$2:$J$61,$T74)) -> 100 | K74: =IF($T74="","",INDEX(Data!$K$2:$K$61,$T74)) -> 45444 | L74: =IF($T74="","",INDEX(Data!$L$2:$L$61,$T74)) -> 45451 | M74: =IF($T74="","",INDEX(Data!$M$2:$M$61,$T74)) | N74: =IF($T74="","",INDEX(Data!$N$2:$N$61,$T74)) | O74: =IF($T74="","",INDEX(Data!$O$2:$O$61,$T74)) -> 0 | P74: =IF($T74="","",INDEX(Data!$P$2:$P$61,$T74)) -> ✓ Complete | Q74: =IF($T74="","",INDEX(Data!$W$2:$W$61,$T74)) | R74: =IF($T74="","",INDEX(Data!$Q$2:$Q$61,$T74)) | S74: =IF($T74="","",INDEX(Data!$R$2:$R$61,$T74)) -> 0 | T74: =IFERROR(MATCH(47,Data!$V$2:$V$61,0),"") -> 47
B75: =IF($T75="","",HYPERLINK("#'"&INDEX(Data!$B$2:$B$61,$T75)&"'!G"&INDEX(Data!$C$2:$C$61,$T75),"✎")) -> ✎ | C75: =IF($T75="","",INDEX(Data!$A$2:$A$61,$T75)) -> Tom Reid - Package Manager | D75: =IF($T75="","",INDEX(Data!$D$2:$D$61,$T75)) -> A1330 | E75: =IF($T75="","",INDEX(Data!$E$2:$E$61,$T75)) -> Build package 33 | F75: =IF($T75="","",INDEX(Data!$F$2:$F$61,$T75)) -> Construction | G75: =IF($T75="","",INDEX(Data!$G$2:$G$61,$T75)) -> Completed | H75: =IF($T75="","",INDEX(Data!$H$2:$H$61,$T75)) -> 45450 | I75: =IF($T75="","",INDEX(Data!$I$2:$I$61,$T75)) -> 45453 | J75: =IF($T75="","",INDEX(Data!$J$2:$J$61,$T75)) -> 100 | K75: =IF($T75="","",INDEX(Data!$K$2:$K$61,$T75)) -> 45450 | L75: =IF($T75="","",INDEX(Data!$L$2:$L$61,$T75)) -> 45453 | M75: =IF($T75="","",INDEX(Data!$M$2:$M$61,$T75)) | N75: =IF($T75="","",INDEX(Data!$N$2:$N$61,$T75)) | O75: =IF($T75="","",INDEX(Data!$O$2:$O$61,$T75)) -> 0 | P75: =IF($T75="","",INDEX(Data!$P$2:$P$61,$T75)) -> ✓ Complete | Q75: =IF($T75="","",INDEX(Data!$W$2:$W$61,$T75)) | R75: =IF($T75="","",INDEX(Data!$Q$2:$Q$61,$T75)) | S75: =IF($T75="","",INDEX(Data!$R$2:$R$61,$T75)) -> 0 | T75: =IFERROR(MATCH(48,Data!$V$2:$V$61,0),"") -> 48
B76: =IF($T76="","",HYPERLINK("#'"&INDEX(Data!$B$2:$B$61,$T76)&"'!G"&INDEX(Data!$C$2:$C$61,$T76),"✎")) -> ✎ | C76: =IF($T76="","",INDEX(Data!$A$2:$A$61,$T76)) -> Tom Reid - Package Manager | D76: =IF($T76="","",INDEX(Data!$D$2:$D$61,$T76)) -> A1350 | E76: =IF($T76="","",INDEX(Data!$E$2:$E$61,$T76)) -> Build package 35 | F76: =IF($T76="","",INDEX(Data!$F$2:$F$61,$T76)) -> Construction | G76: =IF($T76="","",INDEX(Data!$G$2:$G$61,$T76)) -> In Progress | H76: =IF($T76="","",INDEX(Data!$H$2:$H$61,$T76)) -> 45453 | I76: =IF($T76="","",INDEX(Data!$I$2:$I$61,$T76)) -> 45464 | J76: =IF($T76="","",INDEX(Data!$J$2:$J$61,$T76)) -> 60 | K76: =IF($T76="","",INDEX(Data!$K$2:$K$61,$T76)) -> 45453 | L76: =IF($T76="","",INDEX(Data!$L$2:$L$61,$T76)) | M76: =IF($T76="","",INDEX(Data!$M$2:$M$61,$T76)) | N76: =IF($T76="","",INDEX(Data!$N$2:$N$61,$T76)) | O76: =IF($T76="","",INDEX(Data!$O$2:$O$61,$T76)) -> 0 | P76: =IF($T76="","",INDEX(Data!$P$2:$P$61,$T76)) -> Finish date needed | Q76: =IF($T76="","",INDEX(Data!$W$2:$W$61,$T76)) | R76: =IF($T76="","",INDEX(Data!$Q$2:$Q$61,$T76)) | S76: =IF($T76="","",INDEX(Data!$R$2:$R$61,$T76)) -> 0 | T76: =IFERROR(MATCH(49,Data!$V$2:$V$61,0),"") -> 49
B77: =IF($T77="","",HYPERLINK("#'"&INDEX(Data!$B$2:$B$61,$T77)&"'!G"&INDEX(Data!$C$2:$C$61,$T77),"✎")) -> ✎ | C77: =IF($T77="","",INDEX(Data!$A$2:$A$61,$T77)) -> Tom Reid - Package Manager | D77: =IF($T77="","",INDEX(Data!$D$2:$D$61,$T77)) -> A1370 | E77: =IF($T77="","",INDEX(Data!$E$2:$E$61,$T77)) -> Build package 37 | F77: =IF($T77="","",INDEX(Data!$F$2:$F$61,$T77)) -> Construction | G77: =IF($T77="","",INDEX(Data!$G$2:$G$61,$T77)) -> In Progress | H77: =IF($T77="","",INDEX(Data!$H$2:$H$61,$T77)) -> 45468 | I77: =IF($T77="","",INDEX(Data!$I$2:$I$61,$T77)) -> 45475 | J77: =IF($T77="","",INDEX(Data!$J$2:$J$61,$T77)) -> 40 | K77: =IF($T77="","",INDEX(Data!$K$2:$K$61,$T77)) -> 45468 | L77: =IF($T77="","",INDEX(Data!$L$2:$L$61,$T77)) | M77: =IF($T77="","",INDEX(Data!$M$2:$M$61,$T77)) | N77: =IF($T77="","",INDEX(Data!$N$2:$N$61,$T77)) | O77: =IF($T77="","",INDEX(Data!$O$2:$O$61,$T77)) -> 0 | P77: =IF($T77="","",INDEX(Data!$P$2:$P$61,$T77)) -> Not changed yet | Q77: =IF($T77="","",INDEX(Data!$W$2:$W$61,$T77)) | R77: =IF($T77="","",INDEX(Data!$Q$2:$Q$61,$T77)) | S77: =IF($T77="","",INDEX(Data!$R$2:$R$61,$T77)) -> 0 | T77: =IFERROR(MATCH(50,Data!$V$2:$V$61,0),"") -> 50
B78: =IF($T78="","",HYPERLINK("#'"&INDEX(Data!$B$2:$B$61,$T78)&"'!G"&INDEX(Data!$C$2:$C$61,$T78),"✎")) -> ✎ | C78: =IF($T78="","",INDEX(Data!$A$2:$A$61,$T78)) -> Tom Reid - Package Manager | D78: =IF($T78="","",INDEX(Data!$D$2:$D$61,$T78)) -> A1390 | E78: =IF($T78="","",INDEX(Data!$E$2:$E$61,$T78)) -> Build package 39 | F78: =IF($T78="","",INDEX(Data!$F$2:$F$61,$T78)) -> Construction | G78: =IF($T78="","",INDEX(Data!$G$2:$G$61,$T78)) -> Not Started | H78: =IF($T78="","",INDEX(Data!$H$2:$H$61,$T78)) -> 45478 | I78: =IF($T78="","",INDEX(Data!$I$2:$I$61,$T78)) -> 45548 | J78: =IF($T78="","",INDEX(Data!$J$2:$J$61,$T78)) -> 0 | K78: =IF($T78="","",INDEX(Data!$K$2:$K$61,$T78)) | L78: =IF($T78="","",INDEX(Data!$L$2:$L$61,$T78)) | M78: =IF($T78="","",INDEX(Data!$M$2:$M$61,$T78)) | N78: =IF($T78="","",INDEX(Data!$N$2:$N$61,$T78)) | O78: =IF($T78="","",INDEX(Data!$O$2:$O$61,$T78)) -> 0 | P78: =IF($T78="","",INDEX(Data!$P$2:$P$61,$T78)) -> Not changed yet | Q78: =IF($T78="","",INDEX(Data!$W$2:$W$61,$T78)) | R78: =IF($T78="","",INDEX(Data!$Q$2:$Q$61,$T78)) | S78: =IF($T78="","",INDEX(Data!$R$2:$R$61,$T78)) -> 0 | T78: =IFERROR(MATCH(51,Data!$V$2:$V$61,0),"") -> 51
B79: =IF($T79="","",HYPERLINK("#'"&INDEX(Data!$B$2:$B$61,$T79)&"'!G"&INDEX(Data!$C$2:$C$61,$T79),"✎")) -> ✎ | C79: =IF($T79="","",INDEX(Data!$A$2:$A$61,$T79)) -> Tom Reid - Package Manager | D79: =IF($T79="","",INDEX(Data!$D$2:$D$61,$T79)) -> A1410 | E79: =IF($T79="","",INDEX(Data!$E$2:$E$61,$T79)) -> Build package 41 | F79: =IF($T79="","",INDEX(Data!$F$2:$F$61,$T79)) -> Construction | G79: =IF($T79="","",INDEX(Data!$G$2:$G$61,$T79)) -> Not Started | H79: =IF($T79="","",INDEX(Data!$H$2:$H$61,$T79)) -> 45516 | I79: =IF($T79="","",INDEX(Data!$I$2:$I$61,$T79)) -> 45537 | J79: =IF($T79="","",INDEX(Data!$J$2:$J$61,$T79)) -> 0 | K79: =IF($T79="","",INDEX(Data!$K$2:$K$61,$T79)) | L79: =IF($T79="","",INDEX(Data!$L$2:$L$61,$T79)) | M79: =IF($T79="","",INDEX(Data!$M$2:$M$61,$T79)) | N79: =IF($T79="","",INDEX(Data!$N$2:$N$61,$T79)) | O79: =IF($T79="","",INDEX(Data!$O$2:$O$61,$T79)) -> 0 | P79: =IF($T79="","",INDEX(Data!$P$2:$P$61,$T79)) -> Not changed yet | Q79: =IF($T79="","",INDEX(Data!$W$2:$W$61,$T79)) | R79: =IF($T79="","",INDEX(Data!$Q$2:$Q$61,$T79)) | S79: =IF($T79="","",INDEX(Data!$R$2:$R$61,$T79)) -> 0 | T79: =IFERROR(MATCH(52,Data!$V$2:$V$61,0),"") -> 52
B80: =IF($T80="","",HYPERLINK("#'"&INDEX(Data!$B$2:$B$61,$T80)&"'!G"&INDEX(Data!$C$2:$C$61,$T80),"✎")) -> ✎ | C80: =IF($T80="","",INDEX(Data!$A$2:$A$61,$T80)) -> Tom Reid - Package Manager | D80: =IF($T80="","",INDEX(Data!$D$2:$D$61,$T80)) -> A1430 | E80: =IF($T80="","",INDEX(Data!$E$2:$E$61,$T80)) -> Build package 43 | F80: =IF($T80="","",INDEX(Data!$F$2:$F$61,$T80)) -> Construction | G80: =IF($T80="","",INDEX(Data!$G$2:$G$61,$T80)) -> Not Started | H80: =IF($T80="","",INDEX(Data!$H$2:$H$61,$T80)) -> 45527 | I80: =IF($T80="","",INDEX(Data!$I$2:$I$61,$T80)) -> 45548 | J80: =IF($T80="","",INDEX(Data!$J$2:$J$61,$T80)) -> 0 | K80: =IF($T80="","",INDEX(Data!$K$2:$K$61,$T80)) | L80: =IF($T80="","",INDEX(Data!$L$2:$L$61,$T80)) | M80: =IF($T80="","",INDEX(Data!$M$2:$M$61,$T80)) | N80: =IF($T80="","",INDEX(Data!$N$2:$N$61,$T80)) | O80: =IF($T80="","",INDEX(Data!$O$2:$O$61,$T80)) -> 0 | P80: =IF($T80="","",INDEX(Data!$P$2:$P$61,$T80)) -> Not changed yet | Q80: =IF($T80="","",INDEX(Data!$W$2:$W$61,$T80)) | R80: =IF($T80="","",INDEX(Data!$Q$2:$Q$61,$T80)) | S80: =IF($T80="","",INDEX(Data!$R$2:$R$61,$T80)) -> 0 | T80: =IFERROR(MATCH(53,Data!$V$2:$V$61,0),"") -> 53
B81: =IF($T81="","",HYPERLINK("#'"&INDEX(Data!$B$2:$B$61,$T81)&"'!G"&INDEX(Data!$C$2:$C$61,$T81),"✎")) -> ✎ | C81: =IF($T81="","",INDEX(Data!$A$2:$A$61,$T81)) -> Tom Reid - Package Manager | D81: =IF($T81="","",INDEX(Data!$D$2:$D$61,$T81)) -> A1450 | E81: =IF($T81="","",INDEX(Data!$E$2:$E$61,$T81)) -> Build package 45 | F81: =IF($T81="","",INDEX(Data!$F$2:$F$61,$T81)) -> Construction | G81: =IF($T81="","",INDEX(Data!$G$2:$G$61,$T81)) -> Not Started | H81: =IF($T81="","",INDEX(Data!$H$2:$H$61,$T81)) -> 45540 | I81: =IF($T81="","",INDEX(Data!$I$2:$I$61,$T81)) -> 45561 | J81: =IF($T81="","",INDEX(Data!$J$2:$J$61,$T81)) -> 0 | K81: =IF($T81="","",INDEX(Data!$K$2:$K$61,$T81)) | L81: =IF($T81="","",INDEX(Data!$L$2:$L$61,$T81)) | M81: =IF($T81="","",INDEX(Data!$M$2:$M$61,$T81)) | N81: =IF($T81="","",INDEX(Data!$N$2:$N$61,$T81)) | O81: =IF($T81="","",INDEX(Data!$O$2:$O$61,$T81)) -> 0 | P81: =IF($T81="","",INDEX(Data!$P$2:$P$61,$T81)) -> Not changed yet | Q81: =IF($T81="","",INDEX(Data!$W$2:$W$61,$T81)) | R81: =IF($T81="","",INDEX(Data!$Q$2:$Q$61,$T81)) | S81: =IF($T81="","",INDEX(Data!$R$2:$R$61,$T81)) -> 0 | T81: =IFERROR(MATCH(54,Data!$V$2:$V$61,0),"") -> 54
B82: =IF($T82="","",HYPERLINK("#'"&INDEX(Data!$B$2:$B$61,$T82)&"'!G"&INDEX(Data!$C$2:$C$61,$T82),"✎")) -> ✎ | C82: =IF($T82="","",INDEX(Data!$A$2:$A$61,$T82)) -> Tom Reid - Package Manager | D82: =IF($T82="","",INDEX(Data!$D$2:$D$61,$T82)) -> A1470 | E82: =IF($T82="","",INDEX(Data!$E$2:$E$61,$T82)) -> Build package 47 | F82: =IF($T82="","",INDEX(Data!$F$2:$F$61,$T82)) -> Construction | G82: =IF($T82="","",INDEX(Data!$G$2:$G$61,$T82)) -> Not Started | H82: =IF($T82="","",INDEX(Data!$H$2:$H$61,$T82)) -> 45551 | I82: =IF($T82="","",INDEX(Data!$I$2:$I$61,$T82)) -> 45558 | J82: =IF($T82="","",INDEX(Data!$J$2:$J$61,$T82)) -> 0 | K82: =IF($T82="","",INDEX(Data!$K$2:$K$61,$T82)) | L82: =IF($T82="","",INDEX(Data!$L$2:$L$61,$T82)) | M82: =IF($T82="","",INDEX(Data!$M$2:$M$61,$T82)) | N82: =IF($T82="","",INDEX(Data!$N$2:$N$61,$T82)) | O82: =IF($T82="","",INDEX(Data!$O$2:$O$61,$T82)) -> 0 | P82: =IF($T82="","",INDEX(Data!$P$2:$P$61,$T82)) -> Not changed yet | Q82: =IF($T82="","",INDEX(Data!$W$2:$W$61,$T82)) | R82: =IF($T82="","",INDEX(Data!$Q$2:$Q$61,$T82)) | S82: =IF($T82="","",INDEX(Data!$R$2:$R$61,$T82)) -> 0 | T82: =IFERROR(MATCH(55,Data!$V$2:$V$61,0),"") -> 55
B83: =IF($T83="","",HYPERLINK("#'"&INDEX(Data!$B$2:$B$61,$T83)&"'!G"&INDEX(Data!$C$2:$C$61,$T83),"✎")) -> ✎ | C83: =IF($T83="","",INDEX(Data!$A$2:$A$61,$T83)) -> Tom Reid - Package Manager | D83: =IF($T83="","",INDEX(Data!$D$2:$D$61,$T83)) -> A1490 | E83: =IF($T83="","",INDEX(Data!$E$2:$E$61,$T83)) -> Build package 49 | F83: =IF($T83="","",INDEX(Data!$F$2:$F$61,$T83)) -> Construction | G83: =IF($T83="","",INDEX(Data!$G$2:$G$61,$T83)) -> Not Started | H83: =IF($T83="","",INDEX(Data!$H$2:$H$61,$T83)) -> 45561 | I83: =IF($T83="","",INDEX(Data!$I$2:$I$61,$T83)) -> 45572 | J83: =IF($T83="","",INDEX(Data!$J$2:$J$61,$T83)) -> 0 | K83: =IF($T83="","",INDEX(Data!$K$2:$K$61,$T83)) | L83: =IF($T83="","",INDEX(Data!$L$2:$L$61,$T83)) | M83: =IF($T83="","",INDEX(Data!$M$2:$M$61,$T83)) | N83: =IF($T83="","",INDEX(Data!$N$2:$N$61,$T83)) | O83: =IF($T83="","",INDEX(Data!$O$2:$O$61,$T83)) -> 0 | P83: =IF($T83="","",INDEX(Data!$P$2:$P$61,$T83)) -> Not changed yet | Q83: =IF($T83="","",INDEX(Data!$W$2:$W$61,$T83)) | R83: =IF($T83="","",INDEX(Data!$Q$2:$Q$61,$T83)) | S83: =IF($T83="","",INDEX(Data!$R$2:$R$61,$T83)) -> 0 | T83: =IFERROR(MATCH(56,Data!$V$2:$V$61,0),"") -> 56
B84: =IF($T84="","",HYPERLINK("#'"&INDEX(Data!$B$2:$B$61,$T84)&"'!G"&INDEX(Data!$C$2:$C$61,$T84),"✎")) -> ✎ | C84: =IF($T84="","",INDEX(Data!$A$2:$A$61,$T84)) -> Tom Reid - Package Manager | D84: =IF($T84="","",INDEX(Data!$D$2:$D$61,$T84)) -> A1510 | E84: =IF($T84="","",INDEX(Data!$E$2:$E$61,$T84)) -> Build package 51 | F84: =IF($T84="","",INDEX(Data!$F$2:$F$61,$T84)) -> Construction | G84: =IF($T84="","",INDEX(Data!$G$2:$G$61,$T84)) -> Not Started | H84: =IF($T84="","",INDEX(Data!$H$2:$H$61,$T84)) -> 45568 | I84: =IF($T84="","",INDEX(Data!$I$2:$I$61,$T84)) -> 45572 | J84: =IF($T84="","",INDEX(Data!$J$2:$J$61,$T84)) -> 0 | K84: =IF($T84="","",INDEX(Data!$K$2:$K$61,$T84)) | L84: =IF($T84="","",INDEX(Data!$L$2:$L$61,$T84)) | M84: =IF($T84="","",INDEX(Data!$M$2:$M$61,$T84)) | N84: =IF($T84="","",INDEX(Data!$N$2:$N$61,$T84)) | O84: =IF($T84="","",INDEX(Data!$O$2:$O$61,$T84)) -> 0 | P84: =IF($T84="","",INDEX(Data!$P$2:$P$61,$T84)) -> Not changed yet | Q84: =IF($T84="","",INDEX(Data!$W$2:$W$61,$T84)) | R84: =IF($T84="","",INDEX(Data!$Q$2:$Q$61,$T84)) | S84: =IF($T84="","",INDEX(Data!$R$2:$R$61,$T84)) -> 0 | T84: =IFERROR(MATCH(57,Data!$V$2:$V$61,0),"") -> 57
B85: =IF($T85="","",HYPERLINK("#'"&INDEX(Data!$B$2:$B$61,$T85)&"'!G"&INDEX(Data!$C$2:$C$61,$T85),"✎")) -> ✎ | C85: =IF($T85="","",INDEX(Data!$A$2:$A$61,$T85)) -> Tom Reid - Package Manager | D85: =IF($T85="","",INDEX(Data!$D$2:$D$61,$T85)) -> A1530 | E85: =IF($T85="","",INDEX(Data!$E$2:$E$61,$T85)) -> Build package 53 | F85: =IF($T85="","",INDEX(Data!$F$2:$F$61,$T85)) -> Construction | G85: =IF($T85="","",INDEX(Data!$G$2:$G$61,$T85)) -> Not Started | H85: =IF($T85="","",INDEX(Data!$H$2:$H$61,$T85)) -> 45575 | I85: =IF($T85="","",INDEX(Data!$I$2:$I$61,$T85)) -> 45645 | J85: =IF($T85="","",INDEX(Data!$J$2:$J$61,$T85)) -> 0 | K85: =IF($T85="","",INDEX(Data!$K$2:$K$61,$T85)) | L85: =IF($T85="","",INDEX(Data!$L$2:$L$61,$T85)) | M85: =IF($T85="","",INDEX(Data!$M$2:$M$61,$T85)) | N85: =IF($T85="","",INDEX(Data!$N$2:$N$61,$T85)) | O85: =IF($T85="","",INDEX(Data!$O$2:$O$61,$T85)) -> 0 | P85: =IF($T85="","",INDEX(Data!$P$2:$P$61,$T85)) -> Not changed yet | Q85: =IF($T85="","",INDEX(Data!$W$2:$W$61,$T85)) | R85: =IF($T85="","",INDEX(Data!$Q$2:$Q$61,$T85)) | S85: =IF($T85="","",INDEX(Data!$R$2:$R$61,$T85)) -> 0 | T85: =IFERROR(MATCH(58,Data!$V$2:$V$61,0),"") -> 58
B86: =IF($T86="","",HYPERLINK("#'"&INDEX(Data!$B$2:$B$61,$T86)&"'!G"&INDEX(Data!$C$2:$C$61,$T86),"✎")) -> ✎ | C86: =IF($T86="","",INDEX(Data!$A$2:$A$61,$T86)) -> Tom Reid - Package Manager | D86: =IF($T86="","",INDEX(Data!$D$2:$D$61,$T86)) -> A1550 | E86: =IF($T86="","",INDEX(Data!$E$2:$E$61,$T86)) -> Build package 55 | F86: =IF($T86="","",INDEX(Data!$F$2:$F$61,$T86)) -> Construction | G86: =IF($T86="","",INDEX(Data!$G$2:$G$61,$T86)) -> Not Started | H86: =IF($T86="","",INDEX(Data!$H$2:$H$61,$T86)) -> 45611 | I86: =IF($T86="","",INDEX(Data!$I$2:$I$61,$T86)) -> 45622 | J86: =IF($T86="","",INDEX(Data!$J$2:$J$61,$T86)) -> 0 | K86: =IF($T86="","",INDEX(Data!$K$2:$K$61,$T86)) | L86: =IF($T86="","",INDEX(Data!$L$2:$L$61,$T86)) | M86: =IF($T86="","",INDEX(Data!$M$2:$M$61,$T86)) | N86: =IF($T86="","",INDEX(Data!$N$2:$N$61,$T86)) | O86: =IF($T86="","",INDEX(Data!$O$2:$O$61,$T86)) -> 0 | P86: =IF($T86="","",INDEX(Data!$P$2:$P$61,$T86)) -> Not changed yet | Q86: =IF($T86="","",INDEX(Data!$W$2:$W$61,$T86)) | R86: =IF($T86="","",INDEX(Data!$Q$2:$Q$61,$T86)) | S86: =IF($T86="","",INDEX(Data!$R$2:$R$61,$T86)) -> 0 | T86: =IFERROR(MATCH(59,Data!$V$2:$V$61,0),"") -> 59
B87: =IF($T87="","",HYPERLINK("#'"&INDEX(Data!$B$2:$B$61,$T87)&"'!G"&INDEX(Data!$C$2:$C$61,$T87),"✎")) -> ✎ | C87: =IF($T87="","",INDEX(Data!$A$2:$A$61,$T87)) -> Tom Reid - Package Manager | D87: =IF($T87="","",INDEX(Data!$D$2:$D$61,$T87)) -> A1570 | E87: =IF($T87="","",INDEX(Data!$E$2:$E$61,$T87)) -> Build package 57 | F87: =IF($T87="","",INDEX(Data!$F$2:$F$61,$T87)) -> Construction | G87: =IF($T87="","",INDEX(Data!$G$2:$G$61,$T87)) -> Not Started | H87: =IF($T87="","",INDEX(Data!$H$2:$H$61,$T87)) -> 45623 | I87: =IF($T87="","",INDEX(Data!$I$2:$I$61,$T87)) -> 45627 | J87: =IF($T87="","",INDEX(Data!$J$2:$J$61,$T87)) -> 0 | K87: =IF($T87="","",INDEX(Data!$K$2:$K$61,$T87)) | L87: =IF($T87="","",INDEX(Data!$L$2:$L$61,$T87)) | M87: =IF($T87="","",INDEX(Data!$M$2:$M$61,$T87)) | N87: =IF($T87="","",INDEX(Data!$N$2:$N$61,$T87)) | O87: =IF($T87="","",INDEX(Data!$O$2:$O$61,$T87)) -> 0 | P87: =IF($T87="","",INDEX(Data!$P$2:$P$61,$T87)) -> Not changed yet | Q87: =IF($T87="","",INDEX(Data!$W$2:$W$61,$T87)) | R87: =IF($T87="","",INDEX(Data!$Q$2:$Q$61,$T87)) | S87: =IF($T87="","",INDEX(Data!$R$2:$R$61,$T87)) -> 0 | T87: =IFERROR(MATCH(60,Data!$V$2:$V$61,0),"") -> 60

Sheet Dan Lowe
A1: Programme update · Dan Lowe - Design Lead
A2: SAMPLE-FITOUT · data date 30 Jun 2024 · Whole programme
A3: =IF(INFO("RECALC")="Automatic","","If these figures are struck through, or do not follow what is typed, Excel is calculating manually: press F9 to update them, or turn it on for good with Formulas › Calculation Options › Automatic.") -> If these figures are struck through, or do not follow what is typed, Excel is calculating manually: press F9 to update them, or turn it on for good with Formulas › Calculation Options › Automatic.
A4: 1 Type in the white columns only; grey is the programme, locked. Type dates like 14 Oct 2026. 2 Actual start / finish: dates that have happened - type over the programme's. Not finished yet? Leave Actual finish empty and give an Expected finish. 3 Finishing late? Give a delay cause or a note. Check says what is still needed. | C4: ACTIVITIES | E4: UPDATED | G4: NEED SOMETHING FROM YOU | J4: FINISHING LATE | L4: Grey: the programme | M4: =HYPERLINK("#Overview!C5","‹ Overview") -> ‹ Overview
C5: =COUNTA($P$10:$P$29) -> 19 | E5: =SUM($X$10:$X$29) -> 0 | G5: =COUNTIF($O$10:$O$29,"Reason needed")+COUNTIF($O$10:$O$29,"Start date needed")+COUNTIF($O$10:$O$29,"Finish date needed")+COUNTIF($O$10:$O$29,"Date in the future") -> 0 | J5: =COUNTIFS($N$10:$N$29,">0",$H$10:$H$29,"") -> 0 | L5: White: your update | M5: Red in Check: still needed
C6: ="in this update" -> in this update | E6: =IFERROR(TEXT(SUM($X$10:$X$29)/COUNTA($P$10:$P$29),"0%"),"0%")&" done" -> 0% done | G6: ="red in the Check column" -> red in the Check column | J6: ="not finished, past the planned finish" -> not finished, past the planned finish | L6: Green: you changed it | M6: Bold red ID: critical
A8: THE PROGRAMME (locked) | G8: YOUR UPDATE | M8: CHECK
A9: Activity ID | B9: Activity name | C9: Start | D9: Finish | E9: Float (d) | F9: Physical % complete | G9: Actual start | H9: Actual finish | I9: Actual % complete | J9: Expected finish | K9: Delay cause | L9: Notes | M9: Finish moves (d) | N9: Days late | O9: Check | P9: Status | Q9: Critical | R9: Planned start | S9: Compare finish | T9: was actual start | U9: was actual finish | V9: was actual % | W9: was expected finish | X9: changed | Y9: WBS level | Z9: Planned finish
A10: ENG Engineering | Y10: 1
A11: A1010 | B11: Design package 01 | C11: 45296 | D11: 45307 | E11: 0 | F11: 100 | G11: 45296 | H11: 45307 | M11: =IFERROR(IF(OR(D11="",IF(H11<>"",H11,IF(J11<>"",J11,D11))=""),"",IF(H11<>"",H11,IF(J11<>"",J11,D11))-D11),"") -> 0 | N11: =IFERROR(IF(OR(S11="",IF(H11<>"",H11,IF(J11<>"",J11,D11))=""),"",MAX(0,IF(H11<>"",H11,IF(J11<>"",J11,D11))-S11)),"") -> 0 | O11: =IF(OR(AND(G11<>"",NOT(ISNUMBER(G11))),AND(H11<>"",NOT(ISNUMBER(H11))),AND(J11<>"",NOT(ISNUMBER(J11)))),"Not a date",IF(OR(AND(G11<>"",N(G11)>TODAY()),AND(H11<>"",N(H11)>TODAY())),"Date in the future",IF(H11<>"",IF(G11="","Start date needed","✓ Complete"),IF(AND(IF(H11<>"",H11,IF(J11<>"",J11,D11))<>"",S11<>"",IF(H11<>"",H11,IF(J11<>"",J11,D11))>S11,K11="",L11=""),"Reason needed",IF(AND(G11="",OR(N(I11)>0,AND(C11<>"",C11<DATE(2024,6,30),X11=0))),"Start date needed",IF(AND(IF(H11<>"",H11,IF(J11<>"",J11,D11))<>"",IF(H11<>"",H11,IF(J11<>"",J11,D11))<DATE(2024,6,30)),"Finish date needed",IF(X11=1,"✓ Updated","Not changed yet"))))))) -> ✓ Complete | P11: Completed | R11: 45296 | S11: 45307 | T11: 45296 | U11: 45307 | X11: =IF(OR(G11<>T11,H11<>U11,I11<>V11,J11<>W11,K11<>"",L11<>""),1,0) -> 0 | Z11: 45307
A12: A1020 | B12: Design package 02 | C12: 45301 | D12: 45304 | E12: 0 | F12: 100 | G12: 45301 | H12: 45304 | M12: =IFERROR(IF(OR(D12="",IF(H12<>"",H12,IF(J12<>"",J12,D12))=""),"",IF(H12<>"",H12,IF(J12<>"",J12,D12))-D12),"") -> 0 | N12: =IFERROR(IF(OR(S12="",IF(H12<>"",H12,IF(J12<>"",J12,D12))=""),"",MAX(0,IF(H12<>"",H12,IF(J12<>"",J12,D12))-S12)),"") -> 0 | O12: =IF(OR(AND(G12<>"",NOT(ISNUMBER(G12))),AND(H12<>"",NOT(ISNUMBER(H12))),AND(J12<>"",NOT(ISNUMBER(J12)))),"Not a date",IF(OR(AND(G12<>"",N(G12)>TODAY()),AND(H12<>"",N(H12)>TODAY())),"Date in the future",IF(H12<>"",IF(G12="","Start date needed","✓ Complete"),IF(AND(IF(H12<>"",H12,IF(J12<>"",J12,D12))<>"",S12<>"",IF(H12<>"",H12,IF(J12<>"",J12,D12))>S12,K12="",L12=""),"Reason needed",IF(AND(G12="",OR(N(I12)>0,AND(C12<>"",C12<DATE(2024,6,30),X12=0))),"Start date needed",IF(AND(IF(H12<>"",H12,IF(J12<>"",J12,D12))<>"",IF(H12<>"",H12,IF(J12<>"",J12,D12))<DATE(2024,6,30)),"Finish date needed",IF(X12=1,"✓ Updated","Not changed yet"))))))) -> ✓ Complete | P12: Completed | R12: 45301 | S12: 45304 | T12: 45301 | U12: 45304 | X12: =IF(OR(G12<>T12,H12<>U12,I12<>V12,J12<>W12,K12<>"",L12<>""),1,0) -> 0 | Z12: 45304
A13: A1030 | B13: Design package 03 | C13: 45302 | D13: 45309 | E13: 0 | F13: 100 | G13: 45302 | H13: 45309 | M13: =IFERROR(IF(OR(D13="",IF(H13<>"",H13,IF(J13<>"",J13,D13))=""),"",IF(H13<>"",H13,IF(J13<>"",J13,D13))-D13),"") -> 0 | N13: =IFERROR(IF(OR(S13="",IF(H13<>"",H13,IF(J13<>"",J13,D13))=""),"",MAX(0,IF(H13<>"",H13,IF(J13<>"",J13,D13))-S13)),"") -> 0 | O13: =IF(OR(AND(G13<>"",NOT(ISNUMBER(G13))),AND(H13<>"",NOT(ISNUMBER(H13))),AND(J13<>"",NOT(ISNUMBER(J13)))),"Not a date",IF(OR(AND(G13<>"",N(G13)>TODAY()),AND(H13<>"",N(H13)>TODAY())),"Date in the future",IF(H13<>"",IF(G13="","Start date needed","✓ Complete"),IF(AND(IF(H13<>"",H13,IF(J13<>"",J13,D13))<>"",S13<>"",IF(H13<>"",H13,IF(J13<>"",J13,D13))>S13,K13="",L13=""),"Reason needed",IF(AND(G13="",OR(N(I13)>0,AND(C13<>"",C13<DATE(2024,6,30),X13=0))),"Start date needed",IF(AND(IF(H13<>"",H13,IF(J13<>"",J13,D13))<>"",IF(H13<>"",H13,IF(J13<>"",J13,D13))<DATE(2024,6,30)),"Finish date needed",IF(X13=1,"✓ Updated","Not changed yet"))))))) -> ✓ Complete | P13: Completed | R13: 45302 | S13: 45309 | T13: 45302 | U13: 45309 | X13: =IF(OR(G13<>T13,H13<>U13,I13<>V13,J13<>W13,K13<>"",L13<>""),1,0) -> 0 | Z13: 45309
A14: A1040 | B14: Design package 04 | C14: 45305 | D14: 45319 | E14: 1 | F14: 100 | G14: 45305 | H14: 45319 | M14: =IFERROR(IF(OR(D14="",IF(H14<>"",H14,IF(J14<>"",J14,D14))=""),"",IF(H14<>"",H14,IF(J14<>"",J14,D14))-D14),"") -> 0 | N14: =IFERROR(IF(OR(S14="",IF(H14<>"",H14,IF(J14<>"",J14,D14))=""),"",MAX(0,IF(H14<>"",H14,IF(J14<>"",J14,D14))-S14)),"") -> 0 | O14: =IF(OR(AND(G14<>"",NOT(ISNUMBER(G14))),AND(H14<>"",NOT(ISNUMBER(H14))),AND(J14<>"",NOT(ISNUMBER(J14)))),"Not a date",IF(OR(AND(G14<>"",N(G14)>TODAY()),AND(H14<>"",N(H14)>TODAY())),"Date in the future",IF(H14<>"",IF(G14="","Start date needed","✓ Complete"),IF(AND(IF(H14<>"",H14,IF(J14<>"",J14,D14))<>"",S14<>"",IF(H14<>"",H14,IF(J14<>"",J14,D14))>S14,K14="",L14=""),"Reason needed",IF(AND(G14="",OR(N(I14)>0,AND(C14<>"",C14<DATE(2024,6,30),X14=0))),"Start date needed",IF(AND(IF(H14<>"",H14,IF(J14<>"",J14,D14))<>"",IF(H14<>"",H14,IF(J14<>"",J14,D14))<DATE(2024,6,30)),"Finish date needed",IF(X14=1,"✓ Updated","Not changed yet"))))))) -> ✓ Complete | P14: Completed | R14: 45305 | S14: 45319 | T14: 45305 | U14: 45319 | X14: =IF(OR(G14<>T14,H14<>U14,I14<>V14,J14<>W14,K14<>"",L14<>""),1,0) -> 0 | Z14: 45319
A15: A1050 | B15: Design package 05 | C15: 45312 | D15: 45315 | E15: 0 | F15: 100 | G15: 45312 | H15: 45315 | M15: =IFERROR(IF(OR(D15="",IF(H15<>"",H15,IF(J15<>"",J15,D15))=""),"",IF(H15<>"",H15,IF(J15<>"",J15,D15))-D15),"") -> 0 | N15: =IFERROR(IF(OR(S15="",IF(H15<>"",H15,IF(J15<>"",J15,D15))=""),"",MAX(0,IF(H15<>"",H15,IF(J15<>"",J15,D15))-S15)),"") -> 0 | O15: =IF(OR(AND(G15<>"",NOT(ISNUMBER(G15))),AND(H15<>"",NOT(ISNUMBER(H15))),AND(J15<>"",NOT(ISNUMBER(J15)))),"Not a date",IF(OR(AND(G15<>"",N(G15)>TODAY()),AND(H15<>"",N(H15)>TODAY())),"Date in the future",IF(H15<>"",IF(G15="","Start date needed","✓ Complete"),IF(AND(IF(H15<>"",H15,IF(J15<>"",J15,D15))<>"",S15<>"",IF(H15<>"",H15,IF(J15<>"",J15,D15))>S15,K15="",L15=""),"Reason needed",IF(AND(G15="",OR(N(I15)>0,AND(C15<>"",C15<DATE(2024,6,30),X15=0))),"Start date needed",IF(AND(IF(H15<>"",H15,IF(J15<>"",J15,D15))<>"",IF(H15<>"",H15,IF(J15<>"",J15,D15))<DATE(2024,6,30)),"Finish date needed",IF(X15=1,"✓ Updated","Not changed yet"))))))) -> ✓ Complete | P15: Completed | R15: 45312 | S15: 45315 | T15: 45312 | U15: 45315 | X15: =IF(OR(G15<>T15,H15<>U15,I15<>V15,J15<>W15,K15<>"",L15<>""),1,0) -> 0 | Z15: 45315
A16: A1060 | B16: Design package 06 | C16: 45313 | D16: 45324 | E16: 50 | F16: 100 | G16: 45313 | H16: 45324 | M16: =IFERROR(IF(OR(D16="",IF(H16<>"",H16,IF(J16<>"",J16,D16))=""),"",IF(H16<>"",H16,IF(J16<>"",J16,D16))-D16),"") -> 0 | N16: =IFERROR(IF(OR(S16="",IF(H16<>"",H16,IF(J16<>"",J16,D16))=""),"",MAX(0,IF(H16<>"",H16,IF(J16<>"",J16,D16))-S16)),"") -> 0 | O16: =IF(OR(AND(G16<>"",NOT(ISNUMBER(G16))),AND(H16<>"",NOT(ISNUMBER(H16))),AND(J16<>"",NOT(ISNUMBER(J16)))),"Not a date",IF(OR(AND(G16<>"",N(G16)>TODAY()),AND(H16<>"",N(H16)>TODAY())),"Date in the future",IF(H16<>"",IF(G16="","Start date needed","✓ Complete"),IF(AND(IF(H16<>"",H16,IF(J16<>"",J16,D16))<>"",S16<>"",IF(H16<>"",H16,IF(J16<>"",J16,D16))>S16,K16="",L16=""),"Reason needed",IF(AND(G16="",OR(N(I16)>0,AND(C16<>"",C16<DATE(2024,6,30),X16=0))),"Start date needed",IF(AND(IF(H16<>"",H16,IF(J16<>"",J16,D16))<>"",IF(H16<>"",H16,IF(J16<>"",J16,D16))<DATE(2024,6,30)),"Finish date needed",IF(X16=1,"✓ Updated","Not changed yet"))))))) -> ✓ Complete | P16: Completed | R16: 45313 | S16: 45324 | T16: 45313 | U16: 45324 | X16: =IF(OR(G16<>T16,H16<>U16,I16<>V16,J16<>W16,K16<>"",L16<>""),1,0) -> 0 | Z16: 45324
A17: A1070 | B17: Design package 07 | C17: 45318 | D17: 45321 | E17: 1 | F17: 100 | G17: 45318 | H17: 45321 | M17: =IFERROR(IF(OR(D17="",IF(H17<>"",H17,IF(J17<>"",J17,D17))=""),"",IF(H17<>"",H17,IF(J17<>"",J17,D17))-D17),"") -> 0 | N17: =IFERROR(IF(OR(S17="",IF(H17<>"",H17,IF(J17<>"",J17,D17))=""),"",MAX(0,IF(H17<>"",H17,IF(J17<>"",J17,D17))-S17)),"") -> 0 | O17: =IF(OR(AND(G17<>"",NOT(ISNUMBER(G17))),AND(H17<>"",NOT(ISNUMBER(H17))),AND(J17<>"",NOT(ISNUMBER(J17)))),"Not a date",IF(OR(AND(G17<>"",N(G17)>TODAY()),AND(H17<>"",N(H17)>TODAY())),"Date in the future",IF(H17<>"",IF(G17="","Start date needed","✓ Complete"),IF(AND(IF(H17<>"",H17,IF(J17<>"",J17,D17))<>"",S17<>"",IF(H17<>"",H17,IF(J17<>"",J17,D17))>S17,K17="",L17=""),"Reason needed",IF(AND(G17="",OR(N(I17)>0,AND(C17<>"",C17<DATE(2024,6,30),X17=0))),"Start date needed",IF(AND(IF(H17<>"",H17,IF(J17<>"",J17,D17))<>"",IF(H17<>"",H17,IF(J17<>"",J17,D17))<DATE(2024,6,30)),"Finish date needed",IF(X17=1,"✓ Updated","Not changed yet"))))))) -> ✓ Complete | P17: Completed | R17: 45318 | S17: 45321 | T17: 45318 | U17: 45321 | X17: =IF(OR(G17<>T17,H17<>U17,I17<>V17,J17<>W17,K17<>"",L17<>""),1,0) -> 0 | Z17: 45321
A18: A1080 | B18: Design package 08 | C18: 45319 | D18: 45322 | E18: 50 | F18: 100 | G18: 45319 | H18: 45322 | M18: =IFERROR(IF(OR(D18="",IF(H18<>"",H18,IF(J18<>"",J18,D18))=""),"",IF(H18<>"",H18,IF(J18<>"",J18,D18))-D18),"") -> 0 | N18: =IFERROR(IF(OR(S18="",IF(H18<>"",H18,IF(J18<>"",J18,D18))=""),"",MAX(0,IF(H18<>"",H18,IF(J18<>"",J18,D18))-S18)),"") -> 0 | O18: =IF(OR(AND(G18<>"",NOT(ISNUMBER(G18))),AND(H18<>"",NOT(ISNUMBER(H18))),AND(J18<>"",NOT(ISNUMBER(J18)))),"Not a date",IF(OR(AND(G18<>"",N(G18)>TODAY()),AND(H18<>"",N(H18)>TODAY())),"Date in the future",IF(H18<>"",IF(G18="","Start date needed","✓ Complete"),IF(AND(IF(H18<>"",H18,IF(J18<>"",J18,D18))<>"",S18<>"",IF(H18<>"",H18,IF(J18<>"",J18,D18))>S18,K18="",L18=""),"Reason needed",IF(AND(G18="",OR(N(I18)>0,AND(C18<>"",C18<DATE(2024,6,30),X18=0))),"Start date needed",IF(AND(IF(H18<>"",H18,IF(J18<>"",J18,D18))<>"",IF(H18<>"",H18,IF(J18<>"",J18,D18))<DATE(2024,6,30)),"Finish date needed",IF(X18=1,"✓ Updated","Not changed yet"))))))) -> ✓ Complete | P18: Completed | R18: 45319 | S18: 45322 | T18: 45319 | U18: 45322 | X18: =IF(OR(G18<>T18,H18<>U18,I18<>V18,J18<>W18,K18<>"",L18<>""),1,0) -> 0 | Z18: 45322
A19: A1090 | B19: Design package 09 | C19: 45320 | D19: 45323 | E19: 0 | F19: 100 | G19: 45320 | H19: 45323 | M19: =IFERROR(IF(OR(D19="",IF(H19<>"",H19,IF(J19<>"",J19,D19))=""),"",IF(H19<>"",H19,IF(J19<>"",J19,D19))-D19),"") -> 0 | N19: =IFERROR(IF(OR(S19="",IF(H19<>"",H19,IF(J19<>"",J19,D19))=""),"",MAX(0,IF(H19<>"",H19,IF(J19<>"",J19,D19))-S19)),"") -> 0 | O19: =IF(OR(AND(G19<>"",NOT(ISNUMBER(G19))),AND(H19<>"",NOT(ISNUMBER(H19))),AND(J19<>"",NOT(ISNUMBER(J19)))),"Not a date",IF(OR(AND(G19<>"",N(G19)>TODAY()),AND(H19<>"",N(H19)>TODAY())),"Date in the future",IF(H19<>"",IF(G19="","Start date needed","✓ Complete"),IF(AND(IF(H19<>"",H19,IF(J19<>"",J19,D19))<>"",S19<>"",IF(H19<>"",H19,IF(J19<>"",J19,D19))>S19,K19="",L19=""),"Reason needed",IF(AND(G19="",OR(N(I19)>0,AND(C19<>"",C19<DATE(2024,6,30),X19=0))),"Start date needed",IF(AND(IF(H19<>"",H19,IF(J19<>"",J19,D19))<>"",IF(H19<>"",H19,IF(J19<>"",J19,D19))<DATE(2024,6,30)),"Finish date needed",IF(X19=1,"✓ Updated","Not changed yet"))))))) -> ✓ Complete | P19: Completed | R19: 45320 | S19: 45323 | T19: 45320 | U19: 45323 | X19: =IF(OR(G19<>T19,H19<>U19,I19<>V19,J19<>W19,K19<>"",L19<>""),1,0) -> 0 | Z19: 45323
A20: A1100 | B20: Design package 10 | C20: 45321 | D20: 45325 | E20: 0 | F20: 100 | G20: 45321 | H20: 45325 | M20: =IFERROR(IF(OR(D20="",IF(H20<>"",H20,IF(J20<>"",J20,D20))=""),"",IF(H20<>"",H20,IF(J20<>"",J20,D20))-D20),"") -> 0 | N20: =IFERROR(IF(OR(S20="",IF(H20<>"",H20,IF(J20<>"",J20,D20))=""),"",MAX(0,IF(H20<>"",H20,IF(J20<>"",J20,D20))-S20)),"") -> 0 | O20: =IF(OR(AND(G20<>"",NOT(ISNUMBER(G20))),AND(H20<>"",NOT(ISNUMBER(H20))),AND(J20<>"",NOT(ISNUMBER(J20)))),"Not a date",IF(OR(AND(G20<>"",N(G20)>TODAY()),AND(H20<>"",N(H20)>TODAY())),"Date in the future",IF(H20<>"",IF(G20="","Start date needed","✓ Complete"),IF(AND(IF(H20<>"",H20,IF(J20<>"",J20,D20))<>"",S20<>"",IF(H20<>"",H20,IF(J20<>"",J20,D20))>S20,K20="",L20=""),"Reason needed",IF(AND(G20="",OR(N(I20)>0,AND(C20<>"",C20<DATE(2024,6,30),X20=0))),"Start date needed",IF(AND(IF(H20<>"",H20,IF(J20<>"",J20,D20))<>"",IF(H20<>"",H20,IF(J20<>"",J20,D20))<DATE(2024,6,30)),"Finish date needed",IF(X20=1,"✓ Updated","Not changed yet"))))))) -> ✓ Complete | P20: Completed | R20: 45321 | S20: 45325 | T20: 45321 | U20: 45325 | X20: =IF(OR(G20<>T20,H20<>U20,I20<>V20,J20<>W20,K20<>"",L20<>""),1,0) -> 0 | Z20: 45325
A21: A1110 | B21: Design package 11 | C21: 45323 | D21: 45337 | E21: 50 | F21: 100 | G21: 45323 | H21: 45337 | M21: =IFERROR(IF(OR(D21="",IF(H21<>"",H21,IF(J21<>"",J21,D21))=""),"",IF(H21<>"",H21,IF(J21<>"",J21,D21))-D21),"") -> 0 | N21: =IFERROR(IF(OR(S21="",IF(H21<>"",H21,IF(J21<>"",J21,D21))=""),"",MAX(0,IF(H21<>"",H21,IF(J21<>"",J21,D21))-S21)),"") -> 0 | O21: =IF(OR(AND(G21<>"",NOT(ISNUMBER(G21))),AND(H21<>"",NOT(ISNUMBER(H21))),AND(J21<>"",NOT(ISNUMBER(J21)))),"Not a date",IF(OR(AND(G21<>"",N(G21)>TODAY()),AND(H21<>"",N(H21)>TODAY())),"Date in the future",IF(H21<>"",IF(G21="","Start date needed","✓ Complete"),IF(AND(IF(H21<>"",H21,IF(J21<>"",J21,D21))<>"",S21<>"",IF(H21<>"",H21,IF(J21<>"",J21,D21))>S21,K21="",L21=""),"Reason needed",IF(AND(G21="",OR(N(I21)>0,AND(C21<>"",C21<DATE(2024,6,30),X21=0))),"Start date needed",IF(AND(IF(H21<>"",H21,IF(J21<>"",J21,D21))<>"",IF(H21<>"",H21,IF(J21<>"",J21,D21))<DATE(2024,6,30)),"Finish date needed",IF(X21=1,"✓ Updated","Not changed yet"))))))) -> ✓ Complete | P21: Completed | R21: 45323 | S21: 45337 | T21: 45323 | U21: 45337 | X21: =IF(OR(G21<>T21,H21<>U21,I21<>V21,J21<>W21,K21<>"",L21<>""),1,0) -> 0 | Z21: 45337
A22: A1120 | B22: Design package 12 | C22: 45330 | D22: 45333 | E22: 1 | F22: 100 | G22: 45330 | H22: 45333 | M22: =IFERROR(IF(OR(D22="",IF(H22<>"",H22,IF(J22<>"",J22,D22))=""),"",IF(H22<>"",H22,IF(J22<>"",J22,D22))-D22),"") -> 0 | N22: =IFERROR(IF(OR(S22="",IF(H22<>"",H22,IF(J22<>"",J22,D22))=""),"",MAX(0,IF(H22<>"",H22,IF(J22<>"",J22,D22))-S22)),"") -> 0 | O22: =IF(OR(AND(G22<>"",NOT(ISNUMBER(G22))),AND(H22<>"",NOT(ISNUMBER(H22))),AND(J22<>"",NOT(ISNUMBER(J22)))),"Not a date",IF(OR(AND(G22<>"",N(G22)>TODAY()),AND(H22<>"",N(H22)>TODAY())),"Date in the future",IF(H22<>"",IF(G22="","Start date needed","✓ Complete"),IF(AND(IF(H22<>"",H22,IF(J22<>"",J22,D22))<>"",S22<>"",IF(H22<>"",H22,IF(J22<>"",J22,D22))>S22,K22="",L22=""),"Reason needed",IF(AND(G22="",OR(N(I22)>0,AND(C22<>"",C22<DATE(2024,6,30),X22=0))),"Start date needed",IF(AND(IF(H22<>"",H22,IF(J22<>"",J22,D22))<>"",IF(H22<>"",H22,IF(J22<>"",J22,D22))<DATE(2024,6,30)),"Finish date needed",IF(X22=1,"✓ Updated","Not changed yet"))))))) -> ✓ Complete | P22: Completed | R22: 45330 | S22: 45333 | T22: 45330 | U22: 45333 | X22: =IF(OR(G22<>T22,H22<>U22,I22<>V22,J22<>W22,K22<>"",L22<>""),1,0) -> 0 | Z22: 45333
... A29: A1190 | B29: Design package 19 | C29: 45352 | D29: 45359 | E29: 0 | F29: 100 | G29: 45352 | H29: 45359 | M29: =IFERROR(IF(OR(D29="",IF(H29<>"",H29,IF(J29<>"",J29,D29))=""),"",IF(H29<>"",H29,IF(J29<>"",J29,D29))-D29),"") -> 0 | N29: =IFERROR(IF(OR(S29="",IF(H29<>"",H29,IF(J29<>"",J29,D29))=""),"",MAX(0,IF(H29<>"",H29,IF(J29<>"",J29,D29))-S29)),"") -> 0 | O29: =IF(OR(AND(G29<>"",NOT(ISNUMBER(G29))),AND(H29<>"",NOT(ISNUMBER(H29))),AND(J29<>"",NOT(ISNUMBER(J29)))),"Not a date",IF(OR(AND(G29<>"",N(G29)>TODAY()),AND(H29<>"",N(H29)>TODAY())),"Date in the future",IF(H29<>"",IF(G29="","Start date needed","✓ Complete"),IF(AND(IF(H29<>"",H29,IF(J29<>"",J29,D29))<>"",S29<>"",IF(H29<>"",H29,IF(J29<>"",J29,D29))>S29,K29="",L29=""),"Reason needed",IF(AND(G29="",OR(N(I29)>0,AND(C29<>"",C29<DATE(2024,6,30),X29=0))),"Start date needed",IF(AND(IF(H29<>"",H29,IF(J29<>"",J29,D29))<>"",IF(H29<>"",H29,IF(J29<>"",J29,D29))<DATE(2024,6,30)),"Finish date needed",IF(X29=1,"✓ Updated","Not changed yet"))))))) -> ✓ Complete | P29: Completed | R29: 45352 | S29: 45359 | T29: 45352 | U29: 45359 | X29: =IF(OR(G29<>T29,H29<>U29,I29<>V29,J29<>W29,K29<>"",L29<>""),1,0) -> 0 | Z29: 45359

Sheet Priya Menon
A1: Programme update · Priya Menon - Project Manager
A2: SAMPLE-FITOUT · data date 30 Jun 2024 · Whole programme
A3: =IF(INFO("RECALC")="Automatic","","If these figures are struck through, or do not follow what is typed, Excel is calculating manually: press F9 to update them, or turn it on for good with Formulas › Calculation Options › Automatic.") -> If these figures are struck through, or do not follow what is typed, Excel is calculating manually: press F9 to update them, or turn it on for good with Formulas › Calculation Options › Automatic.
A4: 1 Type in the white columns only; grey is the programme, locked. Type dates like 14 Oct 2026. 2 Actual start / finish: dates that have happened - type over the programme's. Not finished yet? Leave Actual finish empty and give an Expected finish. 3 Finishing late? Give a delay cause or a note. Check says what is still needed. | C4: ACTIVITIES | E4: UPDATED | G4: NEED SOMETHING FROM YOU | J4: FINISHING LATE | L4: Grey: the programme | M4: =HYPERLINK("#Overview!C5","‹ Overview") -> ‹ Overview
C5: =COUNTA($P$10:$P$13) -> 2 | E5: =SUM($X$10:$X$13) -> 0 | G5: =COUNTIF($O$10:$O$13,"Reason needed")+COUNTIF($O$10:$O$13,"Start date needed")+COUNTIF($O$10:$O$13,"Finish date needed")+COUNTIF($O$10:$O$13,"Date in the future") -> 0 | J5: =COUNTIFS($N$10:$N$13,">0",$H$10:$H$13,"") -> 0 | L5: White: your update | M5: Red in Check: still needed
C6: ="in this update" -> in this update | E6: =IFERROR(TEXT(SUM($X$10:$X$13)/COUNTA($P$10:$P$13),"0%"),"0%")&" done" -> 0% done | G6: ="red in the Check column" -> red in the Check column | J6: ="not finished, past the planned finish" -> not finished, past the planned finish | L6: Green: you changed it | M6: Bold red ID: critical
A8: THE PROGRAMME (locked) | G8: YOUR UPDATE | M8: CHECK
A9: Activity ID | B9: Activity name | C9: Start | D9: Finish | E9: Float (d) | F9: Physical % complete | G9: Actual start | H9: Actual finish | I9: Actual % complete | J9: Expected finish | K9: Delay cause | L9: Notes | M9: Finish moves (d) | N9: Days late | O9: Check | P9: Status | Q9: Critical | R9: Planned start | S9: Compare finish | T9: was actual start | U9: was actual finish | V9: was actual % | W9: was expected finish | X9: changed | Y9: WBS level | Z9: Planned finish
A10: ENG Engineering | Y10: 1
A11: A1000 | B11: Design package 00 | C11: 45293 | D11: 45300 | E11: 0 | F11: 100 | G11: 45293 | H11: 45300 | M11: =IFERROR(IF(OR(D11="",IF(H11<>"",H11,IF(J11<>"",J11,D11))=""),"",IF(H11<>"",H11,IF(J11<>"",J11,D11))-D11),"") -> 0 | N11: =IFERROR(IF(OR(S11="",IF(H11<>"",H11,IF(J11<>"",J11,D11))=""),"",MAX(0,IF(H11<>"",H11,IF(J11<>"",J11,D11))-S11)),"") -> 0 | O11: =IF(OR(AND(G11<>"",NOT(ISNUMBER(G11))),AND(H11<>"",NOT(ISNUMBER(H11))),AND(J11<>"",NOT(ISNUMBER(J11)))),"Not a date",IF(OR(AND(G11<>"",N(G11)>TODAY()),AND(H11<>"",N(H11)>TODAY())),"Date in the future",IF(H11<>"",IF(G11="","Start date needed","✓ Complete"),IF(AND(IF(H11<>"",H11,IF(J11<>"",J11,D11))<>"",S11<>"",IF(H11<>"",H11,IF(J11<>"",J11,D11))>S11,K11="",L11=""),"Reason needed",IF(AND(G11="",OR(N(I11)>0,AND(C11<>"",C11<DATE(2024,6,30),X11=0))),"Start date needed",IF(AND(IF(H11<>"",H11,IF(J11<>"",J11,D11))<>"",IF(H11<>"",H11,IF(J11<>"",J11,D11))<DATE(2024,6,30)),"Finish date needed",IF(X11=1,"✓ Updated","Not changed yet"))))))) -> ✓ Complete | P11: Completed | R11: 45293 | S11: 45300 | T11: 45293 | U11: 45300 | X11: =IF(OR(G11<>T11,H11<>U11,I11<>V11,J11<>W11,K11<>"",L11<>""),1,0) -> 0 | Z11: 45300
A12: CON Construction | Y12: 1
A13: A1590 | B13: Build package 59 | C13: 45660 | D13: 45681 | E13: 50 | F13: 0 | M13: =IFERROR(IF(OR(D13="",IF(H13<>"",H13,IF(J13<>"",J13,D13))=""),"",IF(H13<>"",H13,IF(J13<>"",J13,D13))-D13),"") -> 0 | N13: =IFERROR(IF(OR(S13="",IF(H13<>"",H13,IF(J13<>"",J13,D13))=""),"",MAX(0,IF(H13<>"",H13,IF(J13<>"",J13,D13))-S13)),"") -> 0 | O13: =IF(OR(AND(G13<>"",NOT(ISNUMBER(G13))),AND(H13<>"",NOT(ISNUMBER(H13))),AND(J13<>"",NOT(ISNUMBER(J13)))),"Not a date",IF(OR(AND(G13<>"",N(G13)>TODAY()),AND(H13<>"",N(H13)>TODAY())),"Date in the future",IF(H13<>"",IF(G13="","Start date needed","✓ Complete"),IF(AND(IF(H13<>"",H13,IF(J13<>"",J13,D13))<>"",S13<>"",IF(H13<>"",H13,IF(J13<>"",J13,D13))>S13,K13="",L13=""),"Reason needed",IF(AND(G13="",OR(N(I13)>0,AND(C13<>"",C13<DATE(2024,6,30),X13=0))),"Start date needed",IF(AND(IF(H13<>"",H13,IF(J13<>"",J13,D13))<>"",IF(H13<>"",H13,IF(J13<>"",J13,D13))<DATE(2024,6,30)),"Finish date needed",IF(X13=1,"✓ Updated","Not changed yet"))))))) -> Not changed yet | P13: Not Started | R13: 45660 | S13: 45681 | X13: =IF(OR(G13<>T13,H13<>U13,I13<>V13,J13<>W13,K13<>"",L13<>""),1,0) -> 0 | Z13: 45681

Sheet Sara Moss
A1: Programme update · Sara Moss - Site Manager
A2: SAMPLE-FITOUT · data date 30 Jun 2024 · Whole programme
A3: =IF(INFO("RECALC")="Automatic","","If these figures are struck through, or do not follow what is typed, Excel is calculating manually: press F9 to update them, or turn it on for good with Formulas › Calculation Options › Automatic.") -> If these figures are struck through, or do not follow what is typed, Excel is calculating manually: press F9 to update them, or turn it on for good with Formulas › Calculation Options › Automatic.
A4: 1 Type in the white columns only; grey is the programme, locked. Type dates like 14 Oct 2026. 2 Actual start / finish: dates that have happened - type over the programme's. Not finished yet? Leave Actual finish empty and give an Expected finish. 3 Finishing late? Give a delay cause or a note. Check says what is still needed. | C4: ACTIVITIES | E4: UPDATED | G4: NEED SOMETHING FROM YOU | J4: FINISHING LATE | L4: Grey: the programme | M4: =HYPERLINK("#Overview!C5","‹ Overview") -> ‹ Overview
C5: =COUNTA($P$10:$P$30) -> 20 | E5: =SUM($X$10:$X$30) -> 0 | G5: =COUNTIF($O$10:$O$30,"Reason needed")+COUNTIF($O$10:$O$30,"Start date needed")+COUNTIF($O$10:$O$30,"Finish date needed")+COUNTIF($O$10:$O$30,"Date in the future") -> 2 | J5: =COUNTIFS($N$10:$N$30,">0",$H$10:$H$30,"") -> 0 | L5: White: your update | M5: Red in Check: still needed
C6: ="in this update" -> in this update | E6: =IFERROR(TEXT(SUM($X$10:$X$30)/COUNTA($P$10:$P$30),"0%"),"0%")&" done" -> 0% done | G6: ="red in the Check column" -> red in the Check column | J6: ="not finished, past the planned finish" -> not finished, past the planned finish | L6: Green: you changed it | M6: Bold red ID: critical
A8: THE PROGRAMME (locked) | G8: YOUR UPDATE | M8: CHECK
A9: Activity ID | B9: Activity name | C9: Start | D9: Finish | E9: Float (d) | F9: Physical % complete | G9: Actual start | H9: Actual finish | I9: Actual % complete | J9: Expected finish | K9: Delay cause | L9: Notes | M9: Finish moves (d) | N9: Days late | O9: Check | P9: Status | Q9: Critical | R9: Planned start | S9: Compare finish | T9: was actual start | U9: was actual finish | V9: was actual % | W9: was expected finish | X9: changed | Y9: WBS level | Z9: Planned finish
A10: CON Construction | Y10: 1
A11: A1200 | B11: Build package 20 | C11: 45355 | D11: 45369 | E11: 0 | F11: 100 | G11: 45355 | H11: 45369 | M11: =IFERROR(IF(OR(D11="",IF(H11<>"",H11,IF(J11<>"",J11,D11))=""),"",IF(H11<>"",H11,IF(J11<>"",J11,D11))-D11),"") -> 0 | N11: =IFERROR(IF(OR(S11="",IF(H11<>"",H11,IF(J11<>"",J11,D11))=""),"",MAX(0,IF(H11<>"",H11,IF(J11<>"",J11,D11))-S11)),"") -> 0 | O11: =IF(OR(AND(G11<>"",NOT(ISNUMBER(G11))),AND(H11<>"",NOT(ISNUMBER(H11))),AND(J11<>"",NOT(ISNUMBER(J11)))),"Not a date",IF(OR(AND(G11<>"",N(G11)>TODAY()),AND(H11<>"",N(H11)>TODAY())),"Date in the future",IF(H11<>"",IF(G11="","Start date needed","✓ Complete"),IF(AND(IF(H11<>"",H11,IF(J11<>"",J11,D11))<>"",S11<>"",IF(H11<>"",H11,IF(J11<>"",J11,D11))>S11,K11="",L11=""),"Reason needed",IF(AND(G11="",OR(N(I11)>0,AND(C11<>"",C11<DATE(2024,6,30),X11=0))),"Start date needed",IF(AND(IF(H11<>"",H11,IF(J11<>"",J11,D11))<>"",IF(H11<>"",H11,IF(J11<>"",J11,D11))<DATE(2024,6,30)),"Finish date needed",IF(X11=1,"✓ Updated","Not changed yet"))))))) -> ✓ Complete | P11: Completed | R11: 45355 | S11: 45369 | T11: 45355 | U11: 45369 | X11: =IF(OR(G11<>T11,H11<>U11,I11<>V11,J11<>W11,K11<>"",L11<>""),1,0) -> 0 | Z11: 45369
A12: A1220 | B12: Build package 22 | C12: 45369 | D12: 45383 | E12: 1 | F12: 100 | G12: 45369 | H12: 45383 | M12: =IFERROR(IF(OR(D12="",IF(H12<>"",H12,IF(J12<>"",J12,D12))=""),"",IF(H12<>"",H12,IF(J12<>"",J12,D12))-D12),"") -> 0 | N12: =IFERROR(IF(OR(S12="",IF(H12<>"",H12,IF(J12<>"",J12,D12))=""),"",MAX(0,IF(H12<>"",H12,IF(J12<>"",J12,D12))-S12)),"") -> 0 | O12: =IF(OR(AND(G12<>"",NOT(ISNUMBER(G12))),AND(H12<>"",NOT(ISNUMBER(H12))),AND(J12<>"",NOT(ISNUMBER(J12)))),"Not a date",IF(OR(AND(G12<>"",N(G12)>TODAY()),AND(H12<>"",N(H12)>TODAY())),"Date in the future",IF(H12<>"",IF(G12="","Start date needed","✓ Complete"),IF(AND(IF(H12<>"",H12,IF(J12<>"",J12,D12))<>"",S12<>"",IF(H12<>"",H12,IF(J12<>"",J12,D12))>S12,K12="",L12=""),"Reason needed",IF(AND(G12="",OR(N(I12)>0,AND(C12<>"",C12<DATE(2024,6,30),X12=0))),"Start date needed",IF(AND(IF(H12<>"",H12,IF(J12<>"",J12,D12))<>"",IF(H12<>"",H12,IF(J12<>"",J12,D12))<DATE(2024,6,30)),"Finish date needed",IF(X12=1,"✓ Updated","Not changed yet"))))))) -> ✓ Complete | P12: Completed | R12: 45369 | S12: 45383 | T12: 45369 | U12: 45383 | X12: =IF(OR(G12<>T12,H12<>U12,I12<>V12,J12<>W12,K12<>"",L12<>""),1,0) -> 0 | Z12: 45383
A13: A1240 | B13: Build package 24 | C13: 45381 | D13: 45451 | E13: 10 | F13: 100 | G13: 45381 | H13: 45451 | M13: =IFERROR(IF(OR(D13="",IF(H13<>"",H13,IF(J13<>"",J13,D13))=""),"",IF(H13<>"",H13,IF(J13<>"",J13,D13))-D13),"") -> 0 | N13: =IFERROR(IF(OR(S13="",IF(H13<>"",H13,IF(J13<>"",J13,D13))=""),"",MAX(0,IF(H13<>"",H13,IF(J13<>"",J13,D13))-S13)),"") -> 0 | O13: =IF(OR(AND(G13<>"",NOT(ISNUMBER(G13))),AND(H13<>"",NOT(ISNUMBER(H13))),AND(J13<>"",NOT(ISNUMBER(J13)))),"Not a date",IF(OR(AND(G13<>"",N(G13)>TODAY()),AND(H13<>"",N(H13)>TODAY())),"Date in the future",IF(H13<>"",IF(G13="","Start date needed","✓ Complete"),IF(AND(IF(H13<>"",H13,IF(J13<>"",J13,D13))<>"",S13<>"",IF(H13<>"",H13,IF(J13<>"",J13,D13))>S13,K13="",L13=""),"Reason needed",IF(AND(G13="",OR(N(I13)>0,AND(C13<>"",C13<DATE(2024,6,30),X13=0))),"Start date needed",IF(AND(IF(H13<>"",H13,IF(J13<>"",J13,D13))<>"",IF(H13<>"",H13,IF(J13<>"",J13,D13))<DATE(2024,6,30)),"Finish date needed",IF(X13=1,"✓ Updated","Not changed yet"))))))) -> ✓ Complete | P13: Completed | R13: 45381 | S13: 45451 | T13: 45381 | U13: 45451 | X13: =IF(OR(G13<>T13,H13<>U13,I13<>V13,J13<>W13,K13<>"",L13<>""),1,0) -> 0 | Z13: 45451
A14: A1260 | B14: Build package 26 | C14: 45421 | D14: 45428 | E14: 5 | F14: 100 | G14: 45421 | H14: 45428 | M14: =IFERROR(IF(OR(D14="",IF(H14<>"",H14,IF(J14<>"",J14,D14))=""),"",IF(H14<>"",H14,IF(J14<>"",J14,D14))-D14),"") -> 0 | N14: =IFERROR(IF(OR(S14="",IF(H14<>"",H14,IF(J14<>"",J14,D14))=""),"",MAX(0,IF(H14<>"",H14,IF(J14<>"",J14,D14))-S14)),"") -> 0 | O14: =IF(OR(AND(G14<>"",NOT(ISNUMBER(G14))),AND(H14<>"",NOT(ISNUMBER(H14))),AND(J14<>"",NOT(ISNUMBER(J14)))),"Not a date",IF(OR(AND(G14<>"",N(G14)>TODAY()),AND(H14<>"",N(H14)>TODAY())),"Date in the future",IF(H14<>"",IF(G14="","Start date needed","✓ Complete"),IF(AND(IF(H14<>"",H14,IF(J14<>"",J14,D14))<>"",S14<>"",IF(H14<>"",H14,IF(J14<>"",J14,D14))>S14,K14="",L14=""),"Reason needed",IF(AND(G14="",OR(N(I14)>0,AND(C14<>"",C14<DATE(2024,6,30),X14=0))),"Start date needed",IF(AND(IF(H14<>"",H14,IF(J14<>"",J14,D14))<>"",IF(H14<>"",H14,IF(J14<>"",J14,D14))<DATE(2024,6,30)),"Finish date needed",IF(X14=1,"✓ Updated","Not changed yet"))))))) -> ✓ Complete | P14: Completed | R14: 45421 | S14: 45428 | T14: 45421 | U14: 45428 | X14: =IF(OR(G14<>T14,H14<>U14,I14<>V14,J14<>W14,K14<>"",L14<>""),1,0) -> 0 | Z14: 45428
A15: A1280 | B15: Build package 28 | C15: 45426 | D15: 45447 | E15: 1 | F15: 100 | G15: 45426 | H15: 45447 | M15: =IFERROR(IF(OR(D15="",IF(H15<>"",H15,IF(J15<>"",J15,D15))=""),"",IF(H15<>"",H15,IF(J15<>"",J15,D15))-D15),"") -> 0 | N15: =IFERROR(IF(OR(S15="",IF(H15<>"",H15,IF(J15<>"",J15,D15))=""),"",MAX(0,IF(H15<>"",H15,IF(J15<>"",J15,D15))-S15)),"") -> 0 | O15: =IF(OR(AND(G15<>"",NOT(ISNUMBER(G15))),AND(H15<>"",NOT(ISNUMBER(H15))),AND(J15<>"",NOT(ISNUMBER(J15)))),"Not a date",IF(OR(AND(G15<>"",N(G15)>TODAY()),AND(H15<>"",N(H15)>TODAY())),"Date in the future",IF(H15<>"",IF(G15="","Start date needed","✓ Complete"),IF(AND(IF(H15<>"",H15,IF(J15<>"",J15,D15))<>"",S15<>"",IF(H15<>"",H15,IF(J15<>"",J15,D15))>S15,K15="",L15=""),"Reason needed",IF(AND(G15="",OR(N(I15)>0,AND(C15<>"",C15<DATE(2024,6,30),X15=0))),"Start date needed",IF(AND(IF(H15<>"",H15,IF(J15<>"",J15,D15))<>"",IF(H15<>"",H15,IF(J15<>"",J15,D15))<DATE(2024,6,30)),"Finish date needed",IF(X15=1,"✓ Updated","Not changed yet"))))))) -> ✓ Complete | P15: Completed | R15: 45426 | S15: 45447 | T15: 45426 | U15: 45447 | X15: =IF(OR(G15<>T15,H15<>U15,I15<>V15,J15<>W15,K15<>"",L15<>""),1,0) -> 0 | Z15: 45447
A16: A1300 | B16: Build package 30 | C16: 45437 | D16: 45451 | E16: -3 | F16: 100 | G16: 45437 | H16: 45451 | M16: =IFERROR(IF(OR(D16="",IF(H16<>"",H16,IF(J16<>"",J16,D16))=""),"",IF(H16<>"",H16,IF(J16<>"",J16,D16))-D16),"") -> 0 | N16: =IFERROR(IF(OR(S16="",IF(H16<>"",H16,IF(J16<>"",J16,D16))=""),"",MAX(0,IF(H16<>"",H16,IF(J16<>"",J16,D16))-S16)),"") -> 0 | O16: =IF(OR(AND(G16<>"",NOT(ISNUMBER(G16))),AND(H16<>"",NOT(ISNUMBER(H16))),AND(J16<>"",NOT(ISNUMBER(J16)))),"Not a date",IF(OR(AND(G16<>"",N(G16)>TODAY()),AND(H16<>"",N(H16)>TODAY())),"Date in the future",IF(H16<>"",IF(G16="","Start date needed","✓ Complete"),IF(AND(IF(H16<>"",H16,IF(J16<>"",J16,D16))<>"",S16<>"",IF(H16<>"",H16,IF(J16<>"",J16,D16))>S16,K16="",L16=""),"Reason needed",IF(AND(G16="",OR(N(I16)>0,AND(C16<>"",C16<DATE(2024,6,30),X16=0))),"Start date needed",IF(AND(IF(H16<>"",H16,IF(J16<>"",J16,D16))<>"",IF(H16<>"",H16,IF(J16<>"",J16,D16))<DATE(2024,6,30)),"Finish date needed",IF(X16=1,"✓ Updated","Not changed yet"))))))) -> ✓ Complete | P16: Completed | R16: 45437 | S16: 45451 | T16: 45437 | U16: 45451 | X16: =IF(OR(G16<>T16,H16<>U16,I16<>V16,J16<>W16,K16<>"",L16<>""),1,0) -> 0 | Z16: 45451
A17: A1320 | B17: Build package 32 | C17: 45447 | D17: 45454 | E17: 0 | F17: 80 | G17: 45447 | M17: =IFERROR(IF(OR(D17="",IF(H17<>"",H17,IF(J17<>"",J17,D17))=""),"",IF(H17<>"",H17,IF(J17<>"",J17,D17))-D17),"") -> 0 | N17: =IFERROR(IF(OR(S17="",IF(H17<>"",H17,IF(J17<>"",J17,D17))=""),"",MAX(0,IF(H17<>"",H17,IF(J17<>"",J17,D17))-S17)),"") -> 0 | O17: =IF(OR(AND(G17<>"",NOT(ISNUMBER(G17))),AND(H17<>"",NOT(ISNUMBER(H17))),AND(J17<>"",NOT(ISNUMBER(J17)))),"Not a date",IF(OR(AND(G17<>"",N(G17)>TODAY()),AND(H17<>"",N(H17)>TODAY())),"Date in the future",IF(H17<>"",IF(G17="","Start date needed","✓ Complete"),IF(AND(IF(H17<>"",H17,IF(J17<>"",J17,D17))<>"",S17<>"",IF(H17<>"",H17,IF(J17<>"",J17,D17))>S17,K17="",L17=""),"Reason needed",IF(AND(G17="",OR(N(I17)>0,AND(C17<>"",C17<DATE(2024,6,30),X17=0))),"Start date needed",IF(AND(IF(H17<>"",H17,IF(J17<>"",J17,D17))<>"",IF(H17<>"",H17,IF(J17<>"",J17,D17))<DATE(2024,6,30)),"Finish date needed",IF(X17=1,"✓ Updated","Not changed yet"))))))) -> Finish date needed | P17: In Progress | Q17: Yes | R17: 45447 | S17: 45454 | T17: 45447 | X17: =IF(OR(G17<>T17,H17<>U17,I17<>V17,J17<>W17,K17<>"",L17<>""),1,0) -> 0 | Z17: 45454
A18: A1340 | B18: Build package 34 | C18: 45451 | D18: 45455 | E18: 0 | F18: 40 | G18: 45451 | M18: =IFERROR(IF(OR(D18="",IF(H18<>"",H18,IF(J18<>"",J18,D18))=""),"",IF(H18<>"",H18,IF(J18<>"",J18,D18))-D18),"") -> 0 | N18: =IFERROR(IF(OR(S18="",IF(H18<>"",H18,IF(J18<>"",J18,D18))=""),"",MAX(0,IF(H18<>"",H18,IF(J18<>"",J18,D18))-S18)),"") -> 0 | O18: =IF(OR(AND(G18<>"",NOT(ISNUMBER(G18))),AND(H18<>"",NOT(ISNUMBER(H18))),AND(J18<>"",NOT(ISNUMBER(J18)))),"Not a date",IF(OR(AND(G18<>"",N(G18)>TODAY()),AND(H18<>"",N(H18)>TODAY())),"Date in the future",IF(H18<>"",IF(G18="","Start date needed","✓ Complete"),IF(AND(IF(H18<>"",H18,IF(J18<>"",J18,D18))<>"",S18<>"",IF(H18<>"",H18,IF(J18<>"",J18,D18))>S18,K18="",L18=""),"Reason needed",IF(AND(G18="",OR(N(I18)>0,AND(C18<>"",C18<DATE(2024,6,30),X18=0))),"Start date needed",IF(AND(IF(H18<>"",H18,IF(J18<>"",J18,D18))<>"",IF(H18<>"",H18,IF(J18<>"",J18,D18))<DATE(2024,6,30)),"Finish date needed",IF(X18=1,"✓ Updated","Not changed yet"))))))) -> Finish date needed | P18: In Progress | Q18: Yes | R18: 45451 | S18: 45455 | T18: 45451 | X18: =IF(OR(G18<>T18,H18<>U18,I18<>V18,J18<>W18,K18<>"",L18<>""),1,0) -> 0 | Z18: 45455
A19: A1360 | B19: Build package 36 | C19: 45458 | D19: 45479 | E19: 10 | F19: 10 | G19: 45458 | M19: =IFERROR(IF(OR(D19="",IF(H19<>"",H19,IF(J19<>"",J19,D19))=""),"",IF(H19<>"",H19,IF(J19<>"",J19,D19))-D19),"") -> 0 | N19: =IFERROR(IF(OR(S19="",IF(H19<>"",H19,IF(J19<>"",J19,D19))=""),"",MAX(0,IF(H19<>"",H19,IF(J19<>"",J19,D19))-S19)),"") -> 0 | O19: =IF(OR(AND(G19<>"",NOT(ISNUMBER(G19))),AND(H19<>"",NOT(ISNUMBER(H19))),AND(J19<>"",NOT(ISNUMBER(J19)))),"Not a date",IF(OR(AND(G19<>"",N(G19)>TODAY()),AND(H19<>"",N(H19)>TODAY())),"Date in the future",IF(H19<>"",IF(G19="","Start date needed","✓ Complete"),IF(AND(IF(H19<>"",H19,IF(J19<>"",J19,D19))<>"",S19<>"",IF(H19<>"",H19,IF(J19<>"",J19,D19))>S19,K19="",L19=""),"Reason needed",IF(AND(G19="",OR(N(I19)>0,AND(C19<>"",C19<DATE(2024,6,30),X19=0))),"Start date needed",IF(AND(IF(H19<>"",H19,IF(J19<>"",J19,D19))<>"",IF(H19<>"",H19,IF(J19<>"",J19,D19))<DATE(2024,6,30)),"Finish date needed",IF(X19=1,"✓ Updated","Not changed yet"))))))) -> Not changed yet | P19: In Progress | R19: 45458 | S19: 45479 | T19: 45458 | X19: =IF(OR(G19<>T19,H19<>U19,I19<>V19,J19<>W19,K19<>"",L19<>""),1,0) -> 0 | Z19: 45479
A20: A1380 | B20: Build package 38 | C20: 45471 | D20: 45485 | E20: 0 | F20: 60 | G20: 45471 | M20: =IFERROR(IF(OR(D20="",IF(H20<>"",H20,IF(J20<>"",J20,D20))=""),"",IF(H20<>"",H20,IF(J20<>"",J20,D20))-D20),"") -> 0 | N20: =IFERROR(IF(OR(S20="",IF(H20<>"",H20,IF(J20<>"",J20,D20))=""),"",MAX(0,IF(H20<>"",H20,IF(J20<>"",J20,D20))-S20)),"") -> 0 | O20: =IF(OR(AND(G20<>"",NOT(ISNUMBER(G20))),AND(H20<>"",NOT(ISNUMBER(H20))),AND(J20<>"",NOT(ISNUMBER(J20)))),"Not a date",IF(OR(AND(G20<>"",N(G20)>TODAY()),AND(H20<>"",N(H20)>TODAY())),"Date in the future",IF(H20<>"",IF(G20="","Start date needed","✓ Complete"),IF(AND(IF(H20<>"",H20,IF(J20<>"",J20,D20))<>"",S20<>"",IF(H20<>"",H20,IF(J20<>"",J20,D20))>S20,K20="",L20=""),"Reason needed",IF(AND(G20="",OR(N(I20)>0,AND(C20<>"",C20<DATE(2024,6,30),X20=0))),"Start date needed",IF(AND(IF(H20<>"",H20,IF(J20<>"",J20,D20))<>"",IF(H20<>"",H20,IF(J20<>"",J20,D20))<DATE(2024,6,30)),"Finish date needed",IF(X20=1,"✓ Updated","Not changed yet"))))))) -> Not changed yet | P20: In Progress | Q20: Yes | R20: 45471 | S20: 45485 | T20: 45471 | X20: =IF(OR(G20<>T20,H20<>U20,I20<>V20,J20<>W20,K20<>"",L20<>""),1,0) -> 0 | Z20: 45485
A21: A1400 | B21: Build package 40 | C21: 45513 | D21: 45520 | E21: -3 | F21: 0 | M21: =IFERROR(IF(OR(D21="",IF(H21<>"",H21,IF(J21<>"",J21,D21))=""),"",IF(H21<>"",H21,IF(J21<>"",J21,D21))-D21),"") -> 0 | N21: =IFERROR(IF(OR(S21="",IF(H21<>"",H21,IF(J21<>"",J21,D21))=""),"",MAX(0,IF(H21<>"",H21,IF(J21<>"",J21,D21))-S21)),"") -> 0 | O21: =IF(OR(AND(G21<>"",NOT(ISNUMBER(G21))),AND(H21<>"",NOT(ISNUMBER(H21))),AND(J21<>"",NOT(ISNUMBER(J21)))),"Not a date",IF(OR(AND(G21<>"",N(G21)>TODAY()),AND(H21<>"",N(H21)>TODAY())),"Date in the future",IF(H21<>"",IF(G21="","Start date needed","✓ Complete"),IF(AND(IF(H21<>"",H21,IF(J21<>"",J21,D21))<>"",S21<>"",IF(H21<>"",H21,IF(J21<>"",J21,D21))>S21,K21="",L21=""),"Reason needed",IF(AND(G21="",OR(N(I21)>0,AND(C21<>"",C21<DATE(2024,6,30),X21=0))),"Start date needed",IF(AND(IF(H21<>"",H21,IF(J21<>"",J21,D21))<>"",IF(H21<>"",H21,IF(J21<>"",J21,D21))<DATE(2024,6,30)),"Finish date needed",IF(X21=1,"✓ Updated","Not changed yet"))))))) -> Not changed yet | P21: Not Started | Q21: Yes | R21: 45513 | S21: 45520 | X21: =IF(OR(G21<>T21,H21<>U21,I21<>V21,J21<>W21,K21<>"",L21<>""),1,0) -> 0 | Z21: 45520
A22: A1420 | B22: Build package 42 | C22: 45526 | D22: 45529 | E22: 5 | F22: 0 | M22: =IFERROR(IF(OR(D22="",IF(H22<>"",H22,IF(J22<>"",J22,D22))=""),"",IF(H22<>"",H22,IF(J22<>"",J22,D22))-D22),"") -> 0 | N22: =IFERROR(IF(OR(S22="",IF(H22<>"",H22,IF(J22<>"",J22,D22))=""),"",MAX(0,IF(H22<>"",H22,IF(J22<>"",J22,D22))-S22)),"") -> 0 | O22: =IF(OR(AND(G22<>"",NOT(ISNUMBER(G22))),AND(H22<>"",NOT(ISNUMBER(H22))),AND(J22<>"",NOT(ISNUMBER(J22)))),"Not a date",IF(OR(AND(G22<>"",N(G22)>TODAY()),AND(H22<>"",N(H22)>TODAY())),"Date in the future",IF(H22<>"",IF(G22="","Start date needed","✓ Complete"),IF(AND(IF(H22<>"",H22,IF(J22<>"",J22,D22))<>"",S22<>"",IF(H22<>"",H22,IF(J22<>"",J22,D22))>S22,K22="",L22=""),"Reason needed",IF(AND(G22="",OR(N(I22)>0,AND(C22<>"",C22<DATE(2024,6,30),X22=0))),"Start date needed",IF(AND(IF(H22<>"",H22,IF(J22<>"",J22,D22))<>"",IF(H22<>"",H22,IF(J22<>"",J22,D22))<DATE(2024,6,30)),"Finish date needed",IF(X22=1,"✓ Updated","Not changed yet"))))))) -> Not changed yet | P22: Not Started | R22: 45526 | S22: 45529 | X22: =IF(OR(G22<>T22,H22<>U22,I22<>V22,J22<>W22,K22<>"",L22<>""),1,0) -> 0 | Z22: 45529
A23: A1440 | B23: Build package 44 | C23: 45537 | D23: 45544 | E23: 50 | F23: 0 | M23: =IFERROR(IF(OR(D23="",IF(H23<>"",H23,IF(J23<>"",J23,D23))=""),"",IF(H23<>"",H23,IF(J23<>"",J23,D23))-D23),"") -> 0 | N23: =IFERROR(IF(OR(S23="",IF(H23<>"",H23,IF(J23<>"",J23,D23))=""),"",MAX(0,IF(H23<>"",H23,IF(J23<>"",J23,D23))-S23)),"") -> 0 | O23: =IF(OR(AND(G23<>"",NOT(ISNUMBER(G23))),AND(H23<>"",NOT(ISNUMBER(H23))),AND(J23<>"",NOT(ISNUMBER(J23)))),"Not a date",IF(OR(AND(G23<>"",N(G23)>TODAY()),AND(H23<>"",N(H23)>TODAY())),"Date in the future",IF(H23<>"",IF(G23="","Start date needed","✓ Complete"),IF(AND(IF(H23<>"",H23,IF(J23<>"",J23,D23))<>"",S23<>"",IF(H23<>"",H23,IF(J23<>"",J23,D23))>S23,K23="",L23=""),"Reason needed",IF(AND(G23="",OR(N(I23)>0,AND(C23<>"",C23<DATE(2024,6,30),X23=0))),"Start date needed",IF(AND(IF(H23<>"",H23,IF(J23<>"",J23,D23))<>"",IF(H23<>"",H23,IF(J23<>"",J23,D23))<DATE(2024,6,30)),"Finish date needed",IF(X23=1,"✓ Updated","Not changed yet"))))))) -> Not changed yet | P23: Not Started | R23: 45537 | S23: 45544 | X23: =IF(OR(G23<>T23,H23<>U23,I23<>V23,J23<>W23,K23<>"",L23<>""),1,0) -> 0 | Z23: 45544
A24: A1460 | B24: Build package 46 | C24: 45550 | D24: 45553 | E24: -3 | F24: 0 | M24: =IFERROR(IF(OR(D24="",IF(H24<>"",H24,IF(J24<>"",J24,D24))=""),"",IF(H24<>"",H24,IF(J24<>"",J24,D24))-D24),"") -> 0 | N24: =IFERROR(IF(OR(S24="",IF(H24<>"",H24,IF(J24<>"",J24,D24))=""),"",MAX(0,IF(H24<>"",H24,IF(J24<>"",J24,D24))-S24)),"") -> 0 | O24: =IF(OR(AND(G24<>"",NOT(ISNUMBER(G24))),AND(H24<>"",NOT(ISNUMBER(H24))),AND(J24<>"",NOT(ISNUMBER(J24)))),"Not a date",IF(OR(AND(G24<>"",N(G24)>TODAY()),AND(H24<>"",N(H24)>TODAY())),"Date in the future",IF(H24<>"",IF(G24="","Start date needed","✓ Complete"),IF(AND(IF(H24<>"",H24,IF(J24<>"",J24,D24))<>"",S24<>"",IF(H24<>"",H24,IF(J24<>"",J24,D24))>S24,K24="",L24=""),"Reason needed",IF(AND(G24="",OR(N(I24)>0,AND(C24<>"",C24<DATE(2024,6,30),X24=0))),"Start date needed",IF(AND(IF(H24<>"",H24,IF(J24<>"",J24,D24))<>"",IF(H24<>"",H24,IF(J24<>"",J24,D24))<DATE(2024,6,30)),"Finish date needed",IF(X24=1,"✓ Updated","Not changed yet"))))))) -> Not changed yet | P24: Not Started | Q24: Yes | R24: 45550 | S24: 45553 | X24: =IF(OR(G24<>T24,H24<>U24,I24<>V24,J24<>W24,K24<>"",L24<>""),1,0) -> 0 | Z24: 45553
A25: A1480 | B25: Build package 48 | C25: 45554 | D25: 45568 | E25: 0 | F25: 0 | M25: =IFERROR(IF(OR(D25="",IF(H25<>"",H25,IF(J25<>"",J25,D25))=""),"",IF(H25<>"",H25,IF(J25<>"",J25,D25))-D25),"") -> 0 | N25: =IFERROR(IF(OR(S25="",IF(H25<>"",H25,IF(J25<>"",J25,D25))=""),"",MAX(0,IF(H25<>"",H25,IF(J25<>"",J25,D25))-S25)),"") -> 0 | O25: =IF(OR(AND(G25<>"",NOT(ISNUMBER(G25))),AND(H25<>"",NOT(ISNUMBER(H25))),AND(J25<>"",NOT(ISNUMBER(J25)))),"Not a date",IF(OR(AND(G25<>"",N(G25)>TODAY()),AND(H25<>"",N(H25)>TODAY())),"Date in the future",IF(H25<>"",IF(G25="","Start date needed","✓ Complete"),IF(AND(IF(H25<>"",H25,IF(J25<>"",J25,D25))<>"",S25<>"",IF(H25<>"",H25,IF(J25<>"",J25,D25))>S25,K25="",L25=""),"Reason needed",IF(AND(G25="",OR(N(I25)>0,AND(C25<>"",C25<DATE(2024,6,30),X25=0))),"Start date needed",IF(AND(IF(H25<>"",H25,IF(J25<>"",J25,D25))<>"",IF(H25<>"",H25,IF(J25<>"",J25,D25))<DATE(2024,6,30)),"Finish date needed",IF(X25=1,"✓ Updated","Not changed yet"))))))) -> Not changed yet | P25: Not Started | Q25: Yes | R25: 45554 | S25: 45568 | X25: =IF(OR(G25<>T25,H25<>U25,I25<>V25,J25<>W25,K25<>"",L25<>""),1,0) -> 0 | Z25: 45568
A26: A1500 | B26: Build package 50 | C26: 45566 | D26: 45570 | E26: 5 | F26: 0 | M26: =IFERROR(IF(OR(D26="",IF(H26<>"",H26,IF(J26<>"",J26,D26))=""),"",IF(H26<>"",H26,IF(J26<>"",J26,D26))-D26),"") -> 0 | N26: =IFERROR(IF(OR(S26="",IF(H26<>"",H26,IF(J26<>"",J26,D26))=""),"",MAX(0,IF(H26<>"",H26,IF(J26<>"",J26,D26))-S26)),"") -> 0 | O26: =IF(OR(AND(G26<>"",NOT(ISNUMBER(G26))),AND(H26<>"",NOT(ISNUMBER(H26))),AND(J26<>"",NOT(ISNUMBER(J26)))),"Not a date",IF(OR(AND(G26<>"",N(G26)>TODAY()),AND(H26<>"",N(H26)>TODAY())),"Date in the future",IF(H26<>"",IF(G26="","Start date needed","✓ Complete"),IF(AND(IF(H26<>"",H26,IF(J26<>"",J26,D26))<>"",S26<>"",IF(H26<>"",H26,IF(J26<>"",J26,D26))>S26,K26="",L26=""),"Reason needed",IF(AND(G26="",OR(N(I26)>0,AND(C26<>"",C26<DATE(2024,6,30),X26=0))),"Start date needed",IF(AND(IF(H26<>"",H26,IF(J26<>"",J26,D26))<>"",IF(H26<>"",H26,IF(J26<>"",J26,D26))<DATE(2024,6,30)),"Finish date needed",IF(X26=1,"✓ Updated","Not changed yet"))))))) -> Not changed yet | P26: Not Started | R26: 45566 | S26: 45570 | X26: =IF(OR(G26<>T26,H26<>U26,I26<>V26,J26<>W26,K26<>"",L26<>""),1,0) -> 0 | Z26: 45570
A27: A1520 | B27: Build package 52 | C27: 45570 | D27: 45581 | E27: 50 | F27: 0 | M27: =IFERROR(IF(OR(D27="",IF(H27<>"",H27,IF(J27<>"",J27,D27))=""),"",IF(H27<>"",H27,IF(J27<>"",J27,D27))-D27),"") -> 0 | N27: =IFERROR(IF(OR(S27="",IF(H27<>"",H27,IF(J27<>"",J27,D27))=""),"",MAX(0,IF(H27<>"",H27,IF(J27<>"",J27,D27))-S27)),"") -> 0 | O27: =IF(OR(AND(G27<>"",NOT(ISNUMBER(G27))),AND(H27<>"",NOT(ISNUMBER(H27))),AND(J27<>"",NOT(ISNUMBER(J27)))),"Not a date",IF(OR(AND(G27<>"",N(G27)>TODAY()),AND(H27<>"",N(H27)>TODAY())),"Date in the future",IF(H27<>"",IF(G27="","Start date needed","✓ Complete"),IF(AND(IF(H27<>"",H27,IF(J27<>"",J27,D27))<>"",S27<>"",IF(H27<>"",H27,IF(J27<>"",J27,D27))>S27,K27="",L27=""),"Reason needed",IF(AND(G27="",OR(N(I27)>0,AND(C27<>"",C27<DATE(2024,6,30),X27=0))),"Start date needed",IF(AND(IF(H27<>"",H27,IF(J27<>"",J27,D27))<>"",IF(H27<>"",H27,IF(J27<>"",J27,D27))<DATE(2024,6,30)),"Finish date needed",IF(X27=1,"✓ Updated","Not changed yet"))))))) -> Not changed yet | P27: Not Started | R27: 45570 | S27: 45581 | X27: =IF(OR(G27<>T27,H27<>U27,I27<>V27,J27<>W27,K27<>"",L27<>""),1,0) -> 0 | Z27: 45581
A28: A1540 | B28: Build package 54 | C28: 45610 | D28: 45613 | E28: 0 | F28: 0 | M28: =IFERROR(IF(OR(D28="",IF(H28<>"",H28,IF(J28<>"",J28,D28))=""),"",IF(H28<>"",H28,IF(J28<>"",J28,D28))-D28),"") -> 0 | N28: =IFERROR(IF(OR(S28="",IF(H28<>"",H28,IF(J28<>"",J28,D28))=""),"",MAX(0,IF(H28<>"",H28,IF(J28<>"",J28,D28))-S28)),"") -> 0 | O28: =IF(OR(AND(G28<>"",NOT(ISNUMBER(G28))),AND(H28<>"",NOT(ISNUMBER(H28))),AND(J28<>"",NOT(ISNUMBER(J28)))),"Not a date",IF(OR(AND(G28<>"",N(G28)>TODAY()),AND(H28<>"",N(H28)>TODAY())),"Date in the future",IF(H28<>"",IF(G28="","Start date needed","✓ Complete"),IF(AND(IF(H28<>"",H28,IF(J28<>"",J28,D28))<>"",S28<>"",IF(H28<>"",H28,IF(J28<>"",J28,D28))>S28,K28="",L28=""),"Reason needed",IF(AND(G28="",OR(N(I28)>0,AND(C28<>"",C28<DATE(2024,6,30),X28=0))),"Start date needed",IF(AND(IF(H28<>"",H28,IF(J28<>"",J28,D28))<>"",IF(H28<>"",H28,IF(J28<>"",J28,D28))<DATE(2024,6,30)),"Finish date needed",IF(X28=1,"✓ Updated","Not changed yet"))))))) -> Not changed yet | P28: Not Started | Q28: Yes | R28: 45610 | S28: 45613 | X28: =IF(OR(G28<>T28,H28<>U28,I28<>V28,J28<>W28,K28<>"",L28<>""),1,0) -> 0 | Z28: 45613
A29: A1560 | B29: Build package 56 | C29: 45616 | D29: 45630 | E29: 5 | F29: 0 | M29: =IFERROR(IF(OR(D29="",IF(H29<>"",H29,IF(J29<>"",J29,D29))=""),"",IF(H29<>"",H29,IF(J29<>"",J29,D29))-D29),"") -> 0 | N29: =IFERROR(IF(OR(S29="",IF(H29<>"",H29,IF(J29<>"",J29,D29))=""),"",MAX(0,IF(H29<>"",H29,IF(J29<>"",J29,D29))-S29)),"") -> 0 | O29: =IF(OR(AND(G29<>"",NOT(ISNUMBER(G29))),AND(H29<>"",NOT(ISNUMBER(H29))),AND(J29<>"",NOT(ISNUMBER(J29)))),"Not a date",IF(OR(AND(G29<>"",N(G29)>TODAY()),AND(H29<>"",N(H29)>TODAY())),"Date in the future",IF(H29<>"",IF(G29="","Start date needed","✓ Complete"),IF(AND(IF(H29<>"",H29,IF(J29<>"",J29,D29))<>"",S29<>"",IF(H29<>"",H29,IF(J29<>"",J29,D29))>S29,K29="",L29=""),"Reason needed",IF(AND(G29="",OR(N(I29)>0,AND(C29<>"",C29<DATE(2024,6,30),X29=0))),"Start date needed",IF(AND(IF(H29<>"",H29,IF(J29<>"",J29,D29))<>"",IF(H29<>"",H29,IF(J29<>"",J29,D29))<DATE(2024,6,30)),"Finish date needed",IF(X29=1,"✓ Updated","Not changed yet"))))))) -> Not changed yet | P29: Not Started | R29: 45616 | S29: 45630 | X29: =IF(OR(G29<>T29,H29<>U29,I29<>V29,J29<>W29,K29<>"",L29<>""),1,0) -> 0 | Z29: 45630
A30: A1580 | B30: Build package 58 | C30: 45625 | D30: 45695 | E30: 5 | F30: 0 | M30: =IFERROR(IF(OR(D30="",IF(H30<>"",H30,IF(J30<>"",J30,D30))=""),"",IF(H30<>"",H30,IF(J30<>"",J30,D30))-D30),"") -> 0 | N30: =IFERROR(IF(OR(S30="",IF(H30<>"",H30,IF(J30<>"",J30,D30))=""),"",MAX(0,IF(H30<>"",H30,IF(J30<>"",J30,D30))-S30)),"") -> 0 | O30: =IF(OR(AND(G30<>"",NOT(ISNUMBER(G30))),AND(H30<>"",NOT(ISNUMBER(H30))),AND(J30<>"",NOT(ISNUMBER(J30)))),"Not a date",IF(OR(AND(G30<>"",N(G30)>TODAY()),AND(H30<>"",N(H30)>TODAY())),"Date in the future",IF(H30<>"",IF(G30="","Start date needed","✓ Complete"),IF(AND(IF(H30<>"",H30,IF(J30<>"",J30,D30))<>"",S30<>"",IF(H30<>"",H30,IF(J30<>"",J30,D30))>S30,K30="",L30=""),"Reason needed",IF(AND(G30="",OR(N(I30)>0,AND(C30<>"",C30<DATE(2024,6,30),X30=0))),"Start date needed",IF(AND(IF(H30<>"",H30,IF(J30<>"",J30,D30))<>"",IF(H30<>"",H30,IF(J30<>"",J30,D30))<DATE(2024,6,30)),"Finish date needed",IF(X30=1,"✓ Updated","Not changed yet"))))))) -> Not changed yet | P30: Not Started | R30: 45625 | S30: 45695 | X30: =IF(OR(G30<>T30,H30<>U30,I30<>V30,J30<>W30,K30<>"",L30<>""),1,0) -> 0 | Z30: 45695

Sheet Tom Reid
A1: Programme update · Tom Reid - Package Manager
A2: SAMPLE-FITOUT · data date 30 Jun 2024 · Whole programme
A3: =IF(INFO("RECALC")="Automatic","","If these figures are struck through, or do not follow what is typed, Excel is calculating manually: press F9 to update them, or turn it on for good with Formulas › Calculation Options › Automatic.") -> If these figures are struck through, or do not follow what is typed, Excel is calculating manually: press F9 to update them, or turn it on for good with Formulas › Calculation Options › Automatic.
A4: 1 Type in the white columns only; grey is the programme, locked. Type dates like 14 Oct 2026. 2 Actual start / finish: dates that have happened - type over the programme's. Not finished yet? Leave Actual finish empty and give an Expected finish. 3 Finishing late? Give a delay cause or a note. Check says what is still needed. | C4: ACTIVITIES | E4: UPDATED | G4: NEED SOMETHING FROM YOU | J4: FINISHING LATE | L4: Grey: the programme | M4: =HYPERLINK("#Overview!C5","‹ Overview") -> ‹ Overview
C5: =COUNTA($P$10:$P$29) -> 19 | E5: =SUM($X$10:$X$29) -> 0 | G5: =COUNTIF($O$10:$O$29,"Reason needed")+COUNTIF($O$10:$O$29,"Start date needed")+COUNTIF($O$10:$O$29,"Finish date needed")+COUNTIF($O$10:$O$29,"Date in the future") -> 1 | J5: =COUNTIFS($N$10:$N$29,">0",$H$10:$H$29,"") -> 0 | L5: White: your update | M5: Red in Check: still needed
C6: ="in this update" -> in this update | E6: =IFERROR(TEXT(SUM($X$10:$X$29)/COUNTA($P$10:$P$29),"0%"),"0%")&" done" -> 0% done | G6: ="red in the Check column" -> red in the Check column | J6: ="not finished, past the planned finish" -> not finished, past the planned finish | L6: Green: you changed it | M6: Bold red ID: critical
A8: THE PROGRAMME (locked) | G8: YOUR UPDATE | M8: CHECK
A9: Activity ID | B9: Activity name | C9: Start | D9: Finish | E9: Float (d) | F9: Physical % complete | G9: Actual start | H9: Actual finish | I9: Actual % complete | J9: Expected finish | K9: Delay cause | L9: Notes | M9: Finish moves (d) | N9: Days late | O9: Check | P9: Status | Q9: Critical | R9: Planned start | S9: Compare finish | T9: was actual start | U9: was actual finish | V9: was actual % | W9: was expected finish | X9: changed | Y9: WBS level | Z9: Planned finish
A10: CON Construction | Y10: 1
A11: A1210 | B11: Build package 21 | C11: 45362 | D11: 45376 | E11: 0 | F11: 100 | G11: 45362 | H11: 45376 | M11: =IFERROR(IF(OR(D11="",IF(H11<>"",H11,IF(J11<>"",J11,D11))=""),"",IF(H11<>"",H11,IF(J11<>"",J11,D11))-D11),"") -> 0 | N11: =IFERROR(IF(OR(S11="",IF(H11<>"",H11,IF(J11<>"",J11,D11))=""),"",MAX(0,IF(H11<>"",H11,IF(J11<>"",J11,D11))-S11)),"") -> 0 | O11: =IF(OR(AND(G11<>"",NOT(ISNUMBER(G11))),AND(H11<>"",NOT(ISNUMBER(H11))),AND(J11<>"",NOT(ISNUMBER(J11)))),"Not a date",IF(OR(AND(G11<>"",N(G11)>TODAY()),AND(H11<>"",N(H11)>TODAY())),"Date in the future",IF(H11<>"",IF(G11="","Start date needed","✓ Complete"),IF(AND(IF(H11<>"",H11,IF(J11<>"",J11,D11))<>"",S11<>"",IF(H11<>"",H11,IF(J11<>"",J11,D11))>S11,K11="",L11=""),"Reason needed",IF(AND(G11="",OR(N(I11)>0,AND(C11<>"",C11<DATE(2024,6,30),X11=0))),"Start date needed",IF(AND(IF(H11<>"",H11,IF(J11<>"",J11,D11))<>"",IF(H11<>"",H11,IF(J11<>"",J11,D11))<DATE(2024,6,30)),"Finish date needed",IF(X11=1,"✓ Updated","Not changed yet"))))))) -> ✓ Complete | P11: Completed | R11: 45362 | S11: 45376 | T11: 45362 | U11: 45376 | X11: =IF(OR(G11<>T11,H11<>U11,I11<>V11,J11<>W11,K11<>"",L11<>""),1,0) -> 0 | Z11: 45376
A12: A1230 | B12: Build package 23 | C12: 45376 | D12: 45387 | E12: 50 | F12: 100 | G12: 45376 | H12: 45387 | M12: =IFERROR(IF(OR(D12="",IF(H12<>"",H12,IF(J12<>"",J12,D12))=""),"",IF(H12<>"",H12,IF(J12<>"",J12,D12))-D12),"") -> 0 | N12: =IFERROR(IF(OR(S12="",IF(H12<>"",H12,IF(J12<>"",J12,D12))=""),"",MAX(0,IF(H12<>"",H12,IF(J12<>"",J12,D12))-S12)),"") -> 0 | O12: =IF(OR(AND(G12<>"",NOT(ISNUMBER(G12))),AND(H12<>"",NOT(ISNUMBER(H12))),AND(J12<>"",NOT(ISNUMBER(J12)))),"Not a date",IF(OR(AND(G12<>"",N(G12)>TODAY()),AND(H12<>"",N(H12)>TODAY())),"Date in the future",IF(H12<>"",IF(G12="","Start date needed","✓ Complete"),IF(AND(IF(H12<>"",H12,IF(J12<>"",J12,D12))<>"",S12<>"",IF(H12<>"",H12,IF(J12<>"",J12,D12))>S12,K12="",L12=""),"Reason needed",IF(AND(G12="",OR(N(I12)>0,AND(C12<>"",C12<DATE(2024,6,30),X12=0))),"Start date needed",IF(AND(IF(H12<>"",H12,IF(J12<>"",J12,D12))<>"",IF(H12<>"",H12,IF(J12<>"",J12,D12))<DATE(2024,6,30)),"Finish date needed",IF(X12=1,"✓ Updated","Not changed yet"))))))) -> ✓ Complete | P12: Completed | R12: 45376 | S12: 45387 | T12: 45376 | U12: 45387 | X12: =IF(OR(G12<>T12,H12<>U12,I12<>V12,J12<>W12,K12<>"",L12<>""),1,0) -> 0 | Z12: 45387
A13: A1250 | B13: Build package 25 | C13: 45416 | D13: 45427 | E13: -3 | F13: 100 | G13: 45416 | H13: 45427 | M13: =IFERROR(IF(OR(D13="",IF(H13<>"",H13,IF(J13<>"",J13,D13))=""),"",IF(H13<>"",H13,IF(J13<>"",J13,D13))-D13),"") -> 0 | N13: =IFERROR(IF(OR(S13="",IF(H13<>"",H13,IF(J13<>"",J13,D13))=""),"",MAX(0,IF(H13<>"",H13,IF(J13<>"",J13,D13))-S13)),"") -> 0 | O13: =IF(OR(AND(G13<>"",NOT(ISNUMBER(G13))),AND(H13<>"",NOT(ISNUMBER(H13))),AND(J13<>"",NOT(ISNUMBER(J13)))),"Not a date",IF(OR(AND(G13<>"",N(G13)>TODAY()),AND(H13<>"",N(H13)>TODAY())),"Date in the future",IF(H13<>"",IF(G13="","Start date needed","✓ Complete"),IF(AND(IF(H13<>"",H13,IF(J13<>"",J13,D13))<>"",S13<>"",IF(H13<>"",H13,IF(J13<>"",J13,D13))>S13,K13="",L13=""),"Reason needed",IF(AND(G13="",OR(N(I13)>0,AND(C13<>"",C13<DATE(2024,6,30),X13=0))),"Start date needed",IF(AND(IF(H13<>"",H13,IF(J13<>"",J13,D13))<>"",IF(H13<>"",H13,IF(J13<>"",J13,D13))<DATE(2024,6,30)),"Finish date needed",IF(X13=1,"✓ Updated","Not changed yet"))))))) -> ✓ Complete | P13: Completed | R13: 45416 | S13: 45427 | T13: 45416 | U13: 45427 | X13: =IF(OR(G13<>T13,H13<>U13,I13<>V13,J13<>W13,K13<>"",L13<>""),1,0) -> 0 | Z13: 45427
A14: A1270 | B14: Build package 27 | C14: 45424 | D14: 45428 | E14: 0 | F14: 100 | G14: 45424 | H14: 45428 | M14: =IFERROR(IF(OR(D14="",IF(H14<>"",H14,IF(J14<>"",J14,D14))=""),"",IF(H14<>"",H14,IF(J14<>"",J14,D14))-D14),"") -> 0 | N14: =IFERROR(IF(OR(S14="",IF(H14<>"",H14,IF(J14<>"",J14,D14))=""),"",MAX(0,IF(H14<>"",H14,IF(J14<>"",J14,D14))-S14)),"") -> 0 | O14: =IF(OR(AND(G14<>"",NOT(ISNUMBER(G14))),AND(H14<>"",NOT(ISNUMBER(H14))),AND(J14<>"",NOT(ISNUMBER(J14)))),"Not a date",IF(OR(AND(G14<>"",N(G14)>TODAY()),AND(H14<>"",N(H14)>TODAY())),"Date in the future",IF(H14<>"",IF(G14="","Start date needed","✓ Complete"),IF(AND(IF(H14<>"",H14,IF(J14<>"",J14,D14))<>"",S14<>"",IF(H14<>"",H14,IF(J14<>"",J14,D14))>S14,K14="",L14=""),"Reason needed",IF(AND(G14="",OR(N(I14)>0,AND(C14<>"",C14<DATE(2024,6,30),X14=0))),"Start date needed",IF(AND(IF(H14<>"",H14,IF(J14<>"",J14,D14))<>"",IF(H14<>"",H14,IF(J14<>"",J14,D14))<DATE(2024,6,30)),"Finish date needed",IF(X14=1,"✓ Updated","Not changed yet"))))))) -> ✓ Complete | P14: Completed | R14: 45424 | S14: 45428 | T14: 45424 | U14: 45428 | X14: =IF(OR(G14<>T14,H14<>U14,I14<>V14,J14<>W14,K14<>"",L14<>""),1,0) -> 0 | Z14: 45428
A15: A1290 | B15: Build package 29 | C15: 45436 | D15: 45439 | E15: 5 | F15: 100 | G15: 45436 | H15: 45439 | M15: =IFERROR(IF(OR(D15="",IF(H15<>"",H15,IF(J15<>"",J15,D15))=""),"",IF(H15<>"",H15,IF(J15<>"",J15,D15))-D15),"") -> 0 | N15: =IFERROR(IF(OR(S15="",IF(H15<>"",H15,IF(J15<>"",J15,D15))=""),"",MAX(0,IF(H15<>"",H15,IF(J15<>"",J15,D15))-S15)),"") -> 0 | O15: =IF(OR(AND(G15<>"",NOT(ISNUMBER(G15))),AND(H15<>"",NOT(ISNUMBER(H15))),AND(J15<>"",NOT(ISNUMBER(J15)))),"Not a date",IF(OR(AND(G15<>"",N(G15)>TODAY()),AND(H15<>"",N(H15)>TODAY())),"Date in the future",IF(H15<>"",IF(G15="","Start date needed","✓ Complete"),IF(AND(IF(H15<>"",H15,IF(J15<>"",J15,D15))<>"",S15<>"",IF(H15<>"",H15,IF(J15<>"",J15,D15))>S15,K15="",L15=""),"Reason needed",IF(AND(G15="",OR(N(I15)>0,AND(C15<>"",C15<DATE(2024,6,30),X15=0))),"Start date needed",IF(AND(IF(H15<>"",H15,IF(J15<>"",J15,D15))<>"",IF(H15<>"",H15,IF(J15<>"",J15,D15))<DATE(2024,6,30)),"Finish date needed",IF(X15=1,"✓ Updated","Not changed yet"))))))) -> ✓ Complete | P15: Completed | R15: 45436 | S15: 45439 | T15: 45436 | U15: 45439 | X15: =IF(OR(G15<>T15,H15<>U15,I15<>V15,J15<>W15,K15<>"",L15<>""),1,0) -> 0 | Z15: 45439
A16: A1310 | B16: Build package 31 | C16: 45444 | D16: 45451 | E16: -3 | F16: 100 | G16: 45444 | H16: 45451 | M16: =IFERROR(IF(OR(D16="",IF(H16<>"",H16,IF(J16<>"",J16,D16))=""),"",IF(H16<>"",H16,IF(J16<>"",J16,D16))-D16),"") -> 0 | N16: =IFERROR(IF(OR(S16="",IF(H16<>"",H16,IF(J16<>"",J16,D16))=""),"",MAX(0,IF(H16<>"",H16,IF(J16<>"",J16,D16))-S16)),"") -> 0 | O16: =IF(OR(AND(G16<>"",NOT(ISNUMBER(G16))),AND(H16<>"",NOT(ISNUMBER(H16))),AND(J16<>"",NOT(ISNUMBER(J16)))),"Not a date",IF(OR(AND(G16<>"",N(G16)>TODAY()),AND(H16<>"",N(H16)>TODAY())),"Date in the future",IF(H16<>"",IF(G16="","Start date needed","✓ Complete"),IF(AND(IF(H16<>"",H16,IF(J16<>"",J16,D16))<>"",S16<>"",IF(H16<>"",H16,IF(J16<>"",J16,D16))>S16,K16="",L16=""),"Reason needed",IF(AND(G16="",OR(N(I16)>0,AND(C16<>"",C16<DATE(2024,6,30),X16=0))),"Start date needed",IF(AND(IF(H16<>"",H16,IF(J16<>"",J16,D16))<>"",IF(H16<>"",H16,IF(J16<>"",J16,D16))<DATE(2024,6,30)),"Finish date needed",IF(X16=1,"✓ Updated","Not changed yet"))))))) -> ✓ Complete | P16: Completed | R16: 45444 | S16: 45451 | T16: 45444 | U16: 45451 | X16: =IF(OR(G16<>T16,H16<>U16,I16<>V16,J16<>W16,K16<>"",L16<>""),1,0) -> 0 | Z16: 45451
A17: A1330 | B17: Build package 33 | C17: 45450 | D17: 45453 | E17: 50 | F17: 100 | G17: 45450 | H17: 45453 | M17: =IFERROR(IF(OR(D17="",IF(H17<>"",H17,IF(J17<>"",J17,D17))=""),"",IF(H17<>"",H17,IF(J17<>"",J17,D17))-D17),"") -> 0 | N17: =IFERROR(IF(OR(S17="",IF(H17<>"",H17,IF(J17<>"",J17,D17))=""),"",MAX(0,IF(H17<>"",H17,IF(J17<>"",J17,D17))-S17)),"") -> 0 | O17: =IF(OR(AND(G17<>"",NOT(ISNUMBER(G17))),AND(H17<>"",NOT(ISNUMBER(H17))),AND(J17<>"",NOT(ISNUMBER(J17)))),"Not a date",IF(OR(AND(G17<>"",N(G17)>TODAY()),AND(H17<>"",N(H17)>TODAY())),"Date in the future",IF(H17<>"",IF(G17="","Start date needed","✓ Complete"),IF(AND(IF(H17<>"",H17,IF(J17<>"",J17,D17))<>"",S17<>"",IF(H17<>"",H17,IF(J17<>"",J17,D17))>S17,K17="",L17=""),"Reason needed",IF(AND(G17="",OR(N(I17)>0,AND(C17<>"",C17<DATE(2024,6,30),X17=0))),"Start date needed",IF(AND(IF(H17<>"",H17,IF(J17<>"",J17,D17))<>"",IF(H17<>"",H17,IF(J17<>"",J17,D17))<DATE(2024,6,30)),"Finish date needed",IF(X17=1,"✓ Updated","Not changed yet"))))))) -> ✓ Complete | P17: Completed | R17: 45450 | S17: 45453 | T17: 45450 | U17: 45453 | X17: =IF(OR(G17<>T17,H17<>U17,I17<>V17,J17<>W17,K17<>"",L17<>""),1,0) -> 0 | Z17: 45453
A18: A1350 | B18: Build package 35 | C18: 45453 | D18: 45464 | E18: 0 | F18: 60 | G18: 45453 | M18: =IFERROR(IF(OR(D18="",IF(H18<>"",H18,IF(J18<>"",J18,D18))=""),"",IF(H18<>"",H18,IF(J18<>"",J18,D18))-D18),"") -> 0 | N18: =IFERROR(IF(OR(S18="",IF(H18<>"",H18,IF(J18<>"",J18,D18))=""),"",MAX(0,IF(H18<>"",H18,IF(J18<>"",J18,D18))-S18)),"") -> 0 | O18: =IF(OR(AND(G18<>"",NOT(ISNUMBER(G18))),AND(H18<>"",NOT(ISNUMBER(H18))),AND(J18<>"",NOT(ISNUMBER(J18)))),"Not a date",IF(OR(AND(G18<>"",N(G18)>TODAY()),AND(H18<>"",N(H18)>TODAY())),"Date in the future",IF(H18<>"",IF(G18="","Start date needed","✓ Complete"),IF(AND(IF(H18<>"",H18,IF(J18<>"",J18,D18))<>"",S18<>"",IF(H18<>"",H18,IF(J18<>"",J18,D18))>S18,K18="",L18=""),"Reason needed",IF(AND(G18="",OR(N(I18)>0,AND(C18<>"",C18<DATE(2024,6,30),X18=0))),"Start date needed",IF(AND(IF(H18<>"",H18,IF(J18<>"",J18,D18))<>"",IF(H18<>"",H18,IF(J18<>"",J18,D18))<DATE(2024,6,30)),"Finish date needed",IF(X18=1,"✓ Updated","Not changed yet"))))))) -> Finish date needed | P18: In Progress | Q18: Yes | R18: 45453 | S18: 45464 | T18: 45453 | X18: =IF(OR(G18<>T18,H18<>U18,I18<>V18,J18<>W18,K18<>"",L18<>""),1,0) -> 0 | Z18: 45464
A19: A1370 | B19: Build package 37 | C19: 45468 | D19: 45475 | E19: -3 | F19: 40 | G19: 45468 | M19: =IFERROR(IF(OR(D19="",IF(H19<>"",H19,IF(J19<>"",J19,D19))=""),"",IF(H19<>"",H19,IF(J19<>"",J19,D19))-D19),"") -> 0 | N19: =IFERROR(IF(OR(S19="",IF(H19<>"",H19,IF(J19<>"",J19,D19))=""),"",MAX(0,IF(H19<>"",H19,IF(J19<>"",J19,D19))-S19)),"") -> 0 | O19: =IF(OR(AND(G19<>"",NOT(ISNUMBER(G19))),AND(H19<>"",NOT(ISNUMBER(H19))),AND(J19<>"",NOT(ISNUMBER(J19)))),"Not a date",IF(OR(AND(G19<>"",N(G19)>TODAY()),AND(H19<>"",N(H19)>TODAY())),"Date in the future",IF(H19<>"",IF(G19="","Start date needed","✓ Complete"),IF(AND(IF(H19<>"",H19,IF(J19<>"",J19,D19))<>"",S19<>"",IF(H19<>"",H19,IF(J19<>"",J19,D19))>S19,K19="",L19=""),"Reason needed",IF(AND(G19="",OR(N(I19)>0,AND(C19<>"",C19<DATE(2024,6,30),X19=0))),"Start date needed",IF(AND(IF(H19<>"",H19,IF(J19<>"",J19,D19))<>"",IF(H19<>"",H19,IF(J19<>"",J19,D19))<DATE(2024,6,30)),"Finish date needed",IF(X19=1,"✓ Updated","Not changed yet"))))))) -> Not changed yet | P19: In Progress | Q19: Yes | R19: 45468 | S19: 45475 | T19: 45468 | X19: =IF(OR(G19<>T19,H19<>U19,I19<>V19,J19<>W19,K19<>"",L19<>""),1,0) -> 0 | Z19: 45475
A20: A1390 | B20: Build package 39 | C20: 45478 | D20: 45548 | E20: 0 | F20: 0 | M20: =IFERROR(IF(OR(D20="",IF(H20<>"",H20,IF(J20<>"",J20,D20))=""),"",IF(H20<>"",H20,IF(J20<>"",J20,D20))-D20),"") -> 0 | N20: =IFERROR(IF(OR(S20="",IF(H20<>"",H20,IF(J20<>"",J20,D20))=""),"",MAX(0,IF(H20<>"",H20,IF(J20<>"",J20,D20))-S20)),"") -> 0 | O20: =IF(OR(AND(G20<>"",NOT(ISNUMBER(G20))),AND(H20<>"",NOT(ISNUMBER(H20))),AND(J20<>"",NOT(ISNUMBER(J20)))),"Not a date",IF(OR(AND(G20<>"",N(G20)>TODAY()),AND(H20<>"",N(H20)>TODAY())),"Date in the future",IF(H20<>"",IF(G20="","Start date needed","✓ Complete"),IF(AND(IF(H20<>"",H20,IF(J20<>"",J20,D20))<>"",S20<>"",IF(H20<>"",H20,IF(J20<>"",J20,D20))>S20,K20="",L20=""),"Reason needed",IF(AND(G20="",OR(N(I20)>0,AND(C20<>"",C20<DATE(2024,6,30),X20=0))),"Start date needed",IF(AND(IF(H20<>"",H20,IF(J20<>"",J20,D20))<>"",IF(H20<>"",H20,IF(J20<>"",J20,D20))<DATE(2024,6,30)),"Finish date needed",IF(X20=1,"✓ Updated","Not changed yet"))))))) -> Not changed yet | P20: Not Started | Q20: Yes | R20: 45478 | S20: 45548 | X20: =IF(OR(G20<>T20,H20<>U20,I20<>V20,J20<>W20,K20<>"",L20<>""),1,0) -> 0 | Z20: 45548
A21: A1410 | B21: Build package 41 | C21: 45516 | D21: 45537 | E21: 0 | F21: 0 | M21: =IFERROR(IF(OR(D21="",IF(H21<>"",H21,IF(J21<>"",J21,D21))=""),"",IF(H21<>"",H21,IF(J21<>"",J21,D21))-D21),"") -> 0 | N21: =IFERROR(IF(OR(S21="",IF(H21<>"",H21,IF(J21<>"",J21,D21))=""),"",MAX(0,IF(H21<>"",H21,IF(J21<>"",J21,D21))-S21)),"") -> 0 | O21: =IF(OR(AND(G21<>"",NOT(ISNUMBER(G21))),AND(H21<>"",NOT(ISNUMBER(H21))),AND(J21<>"",NOT(ISNUMBER(J21)))),"Not a date",IF(OR(AND(G21<>"",N(G21)>TODAY()),AND(H21<>"",N(H21)>TODAY())),"Date in the future",IF(H21<>"",IF(G21="","Start date needed","✓ Complete"),IF(AND(IF(H21<>"",H21,IF(J21<>"",J21,D21))<>"",S21<>"",IF(H21<>"",H21,IF(J21<>"",J21,D21))>S21,K21="",L21=""),"Reason needed",IF(AND(G21="",OR(N(I21)>0,AND(C21<>"",C21<DATE(2024,6,30),X21=0))),"Start date needed",IF(AND(IF(H21<>"",H21,IF(J21<>"",J21,D21))<>"",IF(H21<>"",H21,IF(J21<>"",J21,D21))<DATE(2024,6,30)),"Finish date needed",IF(X21=1,"✓ Updated","Not changed yet"))))))) -> Not changed yet | P21: Not Started | Q21: Yes | R21: 45516 | S21: 45537 | X21: =IF(OR(G21<>T21,H21<>U21,I21<>V21,J21<>W21,K21<>"",L21<>""),1,0) -> 0 | Z21: 45537
A22: A1430 | B22: Build package 43 | C22: 45527 | D22: 45548 | E22: -3 | F22: 0 | M22: =IFERROR(IF(OR(D22="",IF(H22<>"",H22,IF(J22<>"",J22,D22))=""),"",IF(H22<>"",H22,IF(J22<>"",J22,D22))-D22),"") -> 0 | N22: =IFERROR(IF(OR(S22="",IF(H22<>"",H22,IF(J22<>"",J22,D22))=""),"",MAX(0,IF(H22<>"",H22,IF(J22<>"",J22,D22))-S22)),"") -> 0 | O22: =IF(OR(AND(G22<>"",NOT(ISNUMBER(G22))),AND(H22<>"",NOT(ISNUMBER(H22))),AND(J22<>"",NOT(ISNUMBER(J22)))),"Not a date",IF(OR(AND(G22<>"",N(G22)>TODAY()),AND(H22<>"",N(H22)>TODAY())),"Date in the future",IF(H22<>"",IF(G22="","Start date needed","✓ Complete"),IF(AND(IF(H22<>"",H22,IF(J22<>"",J22,D22))<>"",S22<>"",IF(H22<>"",H22,IF(J22<>"",J22,D22))>S22,K22="",L22=""),"Reason needed",IF(AND(G22="",OR(N(I22)>0,AND(C22<>"",C22<DATE(2024,6,30),X22=0))),"Start date needed",IF(AND(IF(H22<>"",H22,IF(J22<>"",J22,D22))<>"",IF(H22<>"",H22,IF(J22<>"",J22,D22))<DATE(2024,6,30)),"Finish date needed",IF(X22=1,"✓ Updated","Not changed yet"))))))) -> Not changed yet | P22: Not Started | Q22: Yes | R22: 45527 | S22: 45548 | X22: =IF(OR(G22<>T22,H22<>U22,I22<>V22,J22<>W22,K22<>"",L22<>""),1,0) -> 0 | Z22: 45548
A23: A1450 | B23: Build package 45 | C23: 45540 | D23: 45561 | E23: 10 | F23: 0 | M23: =IFERROR(IF(OR(D23="",IF(H23<>"",H23,IF(J23<>"",J23,D23))=""),"",IF(H23<>"",H23,IF(J23<>"",J23,D23))-D23),"") -> 0 | N23: =IFERROR(IF(OR(S23="",IF(H23<>"",H23,IF(J23<>"",J23,D23))=""),"",MAX(0,IF(H23<>"",H23,IF(J23<>"",J23,D23))-S23)),"") -> 0 | O23: =IF(OR(AND(G23<>"",NOT(ISNUMBER(G23))),AND(H23<>"",NOT(ISNUMBER(H23))),AND(J23<>"",NOT(ISNUMBER(J23)))),"Not a date",IF(OR(AND(G23<>"",N(G23)>TODAY()),AND(H23<>"",N(H23)>TODAY())),"Date in the future",IF(H23<>"",IF(G23="","Start date needed","✓ Complete"),IF(AND(IF(H23<>"",H23,IF(J23<>"",J23,D23))<>"",S23<>"",IF(H23<>"",H23,IF(J23<>"",J23,D23))>S23,K23="",L23=""),"Reason needed",IF(AND(G23="",OR(N(I23)>0,AND(C23<>"",C23<DATE(2024,6,30),X23=0))),"Start date needed",IF(AND(IF(H23<>"",H23,IF(J23<>"",J23,D23))<>"",IF(H23<>"",H23,IF(J23<>"",J23,D23))<DATE(2024,6,30)),"Finish date needed",IF(X23=1,"✓ Updated","Not changed yet"))))))) -> Not changed yet | P23: Not Started | R23: 45540 | S23: 45561 | X23: =IF(OR(G23<>T23,H23<>U23,I23<>V23,J23<>W23,K23<>"",L23<>""),1,0) -> 0 | Z23: 45561
A24: A1470 | B24: Build package 47 | C24: 45551 | D24: 45558 | E24: 0 | F24: 0 | M24: =IFERROR(IF(OR(D24="",IF(H24<>"",H24,IF(J24<>"",J24,D24))=""),"",IF(H24<>"",H24,IF(J24<>"",J24,D24))-D24),"") -> 0 | N24: =IFERROR(IF(OR(S24="",IF(H24<>"",H24,IF(J24<>"",J24,D24))=""),"",MAX(0,IF(H24<>"",H24,IF(J24<>"",J24,D24))-S24)),"") -> 0 | O24: =IF(OR(AND(G24<>"",NOT(ISNUMBER(G24))),AND(H24<>"",NOT(ISNUMBER(H24))),AND(J24<>"",NOT(ISNUMBER(J24)))),"Not a date",IF(OR(AND(G24<>"",N(G24)>TODAY()),AND(H24<>"",N(H24)>TODAY())),"Date in the future",IF(H24<>"",IF(G24="","Start date needed","✓ Complete"),IF(AND(IF(H24<>"",H24,IF(J24<>"",J24,D24))<>"",S24<>"",IF(H24<>"",H24,IF(J24<>"",J24,D24))>S24,K24="",L24=""),"Reason needed",IF(AND(G24="",OR(N(I24)>0,AND(C24<>"",C24<DATE(2024,6,30),X24=0))),"Start date needed",IF(AND(IF(H24<>"",H24,IF(J24<>"",J24,D24))<>"",IF(H24<>"",H24,IF(J24<>"",J24,D24))<DATE(2024,6,30)),"Finish date needed",IF(X24=1,"✓ Updated","Not changed yet"))))))) -> Not changed yet | P24: Not Started | Q24: Yes | R24: 45551 | S24: 45558 | X24: =IF(OR(G24<>T24,H24<>U24,I24<>V24,J24<>W24,K24<>"",L24<>""),1,0) -> 0 | Z24: 45558
A25: A1490 | B25: Build package 49 | C25: 45561 | D25: 45572 | E25: 0 | F25: 0 | M25: =IFERROR(IF(OR(D25="",IF(H25<>"",H25,IF(J25<>"",J25,D25))=""),"",IF(H25<>"",H25,IF(J25<>"",J25,D25))-D25),"") -> 0 | N25: =IFERROR(IF(OR(S25="",IF(H25<>"",H25,IF(J25<>"",J25,D25))=""),"",MAX(0,IF(H25<>"",H25,IF(J25<>"",J25,D25))-S25)),"") -> 0 | O25: =IF(OR(AND(G25<>"",NOT(ISNUMBER(G25))),AND(H25<>"",NOT(ISNUMBER(H25))),AND(J25<>"",NOT(ISNUMBER(J25)))),"Not a date",IF(OR(AND(G25<>"",N(G25)>TODAY()),AND(H25<>"",N(H25)>TODAY())),"Date in the future",IF(H25<>"",IF(G25="","Start date needed","✓ Complete"),IF(AND(IF(H25<>"",H25,IF(J25<>"",J25,D25))<>"",S25<>"",IF(H25<>"",H25,IF(J25<>"",J25,D25))>S25,K25="",L25=""),"Reason needed",IF(AND(G25="",OR(N(I25)>0,AND(C25<>"",C25<DATE(2024,6,30),X25=0))),"Start date needed",IF(AND(IF(H25<>"",H25,IF(J25<>"",J25,D25))<>"",IF(H25<>"",H25,IF(J25<>"",J25,D25))<DATE(2024,6,30)),"Finish date needed",IF(X25=1,"✓ Updated","Not changed yet"))))))) -> Not changed yet | P25: Not Started | Q25: Yes | R25: 45561 | S25: 45572 | X25: =IF(OR(G25<>T25,H25<>U25,I25<>V25,J25<>W25,K25<>"",L25<>""),1,0) -> 0 | Z25: 45572
A26: A1510 | B26: Build package 51 | C26: 45568 | D26: 45572 | E26: 1 | F26: 0 | M26: =IFERROR(IF(OR(D26="",IF(H26<>"",H26,IF(J26<>"",J26,D26))=""),"",IF(H26<>"",H26,IF(J26<>"",J26,D26))-D26),"") -> 0 | N26: =IFERROR(IF(OR(S26="",IF(H26<>"",H26,IF(J26<>"",J26,D26))=""),"",MAX(0,IF(H26<>"",H26,IF(J26<>"",J26,D26))-S26)),"") -> 0 | O26: =IF(OR(AND(G26<>"",NOT(ISNUMBER(G26))),AND(H26<>"",NOT(ISNUMBER(H26))),AND(J26<>"",NOT(ISNUMBER(J26)))),"Not a date",IF(OR(AND(G26<>"",N(G26)>TODAY()),AND(H26<>"",N(H26)>TODAY())),"Date in the future",IF(H26<>"",IF(G26="","Start date needed","✓ Complete"),IF(AND(IF(H26<>"",H26,IF(J26<>"",J26,D26))<>"",S26<>"",IF(H26<>"",H26,IF(J26<>"",J26,D26))>S26,K26="",L26=""),"Reason needed",IF(AND(G26="",OR(N(I26)>0,AND(C26<>"",C26<DATE(2024,6,30),X26=0))),"Start date needed",IF(AND(IF(H26<>"",H26,IF(J26<>"",J26,D26))<>"",IF(H26<>"",H26,IF(J26<>"",J26,D26))<DATE(2024,6,30)),"Finish date needed",IF(X26=1,"✓ Updated","Not changed yet"))))))) -> Not changed yet | P26: Not Started | R26: 45568 | S26: 45572 | X26: =IF(OR(G26<>T26,H26<>U26,I26<>V26,J26<>W26,K26<>"",L26<>""),1,0) -> 0 | Z26: 45572
A27: A1530 | B27: Build package 53 | C27: 45575 | D27: 45645 | E27: -3 | F27: 0 | M27: =IFERROR(IF(OR(D27="",IF(H27<>"",H27,IF(J27<>"",J27,D27))=""),"",IF(H27<>"",H27,IF(J27<>"",J27,D27))-D27),"") -> 0 | N27: =IFERROR(IF(OR(S27="",IF(H27<>"",H27,IF(J27<>"",J27,D27))=""),"",MAX(0,IF(H27<>"",H27,IF(J27<>"",J27,D27))-S27)),"") -> 0 | O27: =IF(OR(AND(G27<>"",NOT(ISNUMBER(G27))),AND(H27<>"",NOT(ISNUMBER(H27))),AND(J27<>"",NOT(ISNUMBER(J27)))),"Not a date",IF(OR(AND(G27<>"",N(G27)>TODAY()),AND(H27<>"",N(H27)>TODAY())),"Date in the future",IF(H27<>"",IF(G27="","Start date needed","✓ Complete"),IF(AND(IF(H27<>"",H27,IF(J27<>"",J27,D27))<>"",S27<>"",IF(H27<>"",H27,IF(J27<>"",J27,D27))>S27,K27="",L27=""),"Reason needed",IF(AND(G27="",OR(N(I27)>0,AND(C27<>"",C27<DATE(2024,6,30),X27=0))),"Start date needed",IF(AND(IF(H27<>"",H27,IF(J27<>"",J27,D27))<>"",IF(H27<>"",H27,IF(J27<>"",J27,D27))<DATE(2024,6,30)),"Finish date needed",IF(X27=1,"✓ Updated","Not changed yet"))))))) -> Not changed yet | P27: Not Started | Q27: Yes | R27: 45575 | S27: 45645 | X27: =IF(OR(G27<>T27,H27<>U27,I27<>V27,J27<>W27,K27<>"",L27<>""),1,0) -> 0 | Z27: 45645
A28: A1550 | B28: Build package 55 | C28: 45611 | D28: 45622 | E28: 50 | F28: 0 | M28: =IFERROR(IF(OR(D28="",IF(H28<>"",H28,IF(J28<>"",J28,D28))=""),"",IF(H28<>"",H28,IF(J28<>"",J28,D28))-D28),"") -> 0 | N28: =IFERROR(IF(OR(S28="",IF(H28<>"",H28,IF(J28<>"",J28,D28))=""),"",MAX(0,IF(H28<>"",H28,IF(J28<>"",J28,D28))-S28)),"") -> 0 | O28: =IF(OR(AND(G28<>"",NOT(ISNUMBER(G28))),AND(H28<>"",NOT(ISNUMBER(H28))),AND(J28<>"",NOT(ISNUMBER(J28)))),"Not a date",IF(OR(AND(G28<>"",N(G28)>TODAY()),AND(H28<>"",N(H28)>TODAY())),"Date in the future",IF(H28<>"",IF(G28="","Start date needed","✓ Complete"),IF(AND(IF(H28<>"",H28,IF(J28<>"",J28,D28))<>"",S28<>"",IF(H28<>"",H28,IF(J28<>"",J28,D28))>S28,K28="",L28=""),"Reason needed",IF(AND(G28="",OR(N(I28)>0,AND(C28<>"",C28<DATE(2024,6,30),X28=0))),"Start date needed",IF(AND(IF(H28<>"",H28,IF(J28<>"",J28,D28))<>"",IF(H28<>"",H28,IF(J28<>"",J28,D28))<DATE(2024,6,30)),"Finish date needed",IF(X28=1,"✓ Updated","Not changed yet"))))))) -> Not changed yet | P28: Not Started | R28: 45611 | S28: 45622 | X28: =IF(OR(G28<>T28,H28<>U28,I28<>V28,J28<>W28,K28<>"",L28<>""),1,0) -> 0 | Z28: 45622
A29: A1570 | B29: Build package 57 | C29: 45623 | D29: 45627 | E29: 50 | F29: 0 | M29: =IFERROR(IF(OR(D29="",IF(H29<>"",H29,IF(J29<>"",J29,D29))=""),"",IF(H29<>"",H29,IF(J29<>"",J29,D29))-D29),"") -> 0 | N29: =IFERROR(IF(OR(S29="",IF(H29<>"",H29,IF(J29<>"",J29,D29))=""),"",MAX(0,IF(H29<>"",H29,IF(J29<>"",J29,D29))-S29)),"") -> 0 | O29: =IF(OR(AND(G29<>"",NOT(ISNUMBER(G29))),AND(H29<>"",NOT(ISNUMBER(H29))),AND(J29<>"",NOT(ISNUMBER(J29)))),"Not a date",IF(OR(AND(G29<>"",N(G29)>TODAY()),AND(H29<>"",N(H29)>TODAY())),"Date in the future",IF(H29<>"",IF(G29="","Start date needed","✓ Complete"),IF(AND(IF(H29<>"",H29,IF(J29<>"",J29,D29))<>"",S29<>"",IF(H29<>"",H29,IF(J29<>"",J29,D29))>S29,K29="",L29=""),"Reason needed",IF(AND(G29="",OR(N(I29)>0,AND(C29<>"",C29<DATE(2024,6,30),X29=0))),"Start date needed",IF(AND(IF(H29<>"",H29,IF(J29<>"",J29,D29))<>"",IF(H29<>"",H29,IF(J29<>"",J29,D29))<DATE(2024,6,30)),"Finish date needed",IF(X29=1,"✓ Updated","Not changed yet"))))))) -> Not changed yet | P29: Not Started | R29: 45623 | S29: 45627 | X29: =IF(OR(G29<>T29,H29<>U29,I29<>V29,J29<>W29,K29<>"",L29<>""),1,0) -> 0 | Z29: 45627

Sheet Resources & cost
A1: Resources & cost
A2: SAMPLE-FITOUT · data date 30 Jun 2024 · Whole programme · resource units and costs to date · costs in USD, as P6 exports them
A3: =IF(INFO("RECALC")="Automatic","","If these figures are struck through, or do not follow what is typed, Excel is calculating manually: press F9 to update them, or turn it on for good with Formulas › Calculation Options › Automatic.") -> If these figures are struck through, or do not follow what is typed, Excel is calculating manually: press F9 to update them, or turn it on for good with Formulas › Calculation Options › Automatic.
A4: 1 Type over the white cells: totals to date, and what is still to come - costs in USD. 2 Remaining is 0 once the activity has finished. 3 Started or finished an activity on your sheet? Give its actuals here too. | C4: ASSIGNMENTS | D4: UPDATED | E4: NEED SOMETHING FROM YOU | G4: VARIANCE AT COMPLETION | I4: Grey: the programme | P4: =HYPERLINK("#Overview!C5","‹ Overview") -> ‹ Overview
C5: =COUNTA($U$10:$U$64) -> 51 | D5: =SUM($Z$10:$Z$64) -> 0 | E5: =COUNTIF($P$10:$P$64,"Not a number")+COUNTIF($P$10:$P$64,"Negative value")+COUNTIF($P$10:$P$64,"Start date needed")+COUNTIF($P$10:$P$64,"Remaining on finished work") -> 0 | G5: =SUM($O$10:$O$64) -> 0 | I5: White: your update
C6: ="in this update" -> in this update | D6: =IFERROR(TEXT(SUM($Z$10:$Z$64)/COUNTA($U$10:$U$64),"0%"),"0%")&" done" -> 0% done | E6: ="red in the Check column" -> red in the Check column | G6: ="cost: budget less at completion" -> cost: budget less at completion | I6: Green: you changed it
A8: THE PROGRAMME (locked) | H8: YOUR UPDATE (to date) | L8: WORKED OUT
A9: Activity ID | B9: Activity name | C9: Resource | D9: Type | E9: Budget units | F9: Budget cost | G9: Price / unit | H9: Actual units to date | I9: Remaining units | J9: Actual cost to date | K9: Remaining cost | L9: At completion units | M9: Units variance | N9: At completion cost | O9: Cost variance | P9: Check | Q9: was actual units | R9: was remaining units | S9: was actual cost | T9: was remaining cost | U9: Assignment | V9: Cost from units | W9: Started | X9: Finished | Y9: Progress given | Z9: Changed
A10: Dan Lowe - Design Lead
A11: A1010 | B11: Design package 01 | C11: Site Labour | D11: Labour · h | E11: 64 | F11: 4800 | G11: 0 | H11: 64 | I11: 0 | J11: 4800 | K11: 0 | L11: =IFERROR(N(H11)+N(I11),"") -> 64 | M11: =IFERROR(E11-(N(H11)+N(I11)),"") -> 0 | N11: =IFERROR(N(J11)+N(K11),"") -> 4800 | O11: =IFERROR(F11-(N(J11)+N(K11)),"") -> 0 | P11: =IF(OR(AND(H11<>"",NOT(ISNUMBER(H11))),AND(I11<>"",NOT(ISNUMBER(I11))),AND(J11<>"",NOT(ISNUMBER(J11))),AND(K11<>"",NOT(ISNUMBER(K11)))),"Not a number",IF(OR(N(H11)<0,N(I11)<0,N(J11)<0,N(K11)<0),"Negative value",IF(AND(W11=0,OR(N(H11)>0,N(J11)>0)),"Start date needed",IF(AND(X11=1,OR(N(I11)>0,N(K11)>0)),"Remaining on finished work",IF(Z11=1,IF(OR(N(H11)<Q11-0.005,N(J11)<S11-0.005),"Actual reduced",IF(OR(N(H11)+N(I11)>E11+0.005,N(J11)+N(K11)>F11+0.005),"Over budget","✓ Updated")),IF(Y11=1,"Actuals not given","Not changed yet")))))) -> Not changed yet | Q11: 64 | R11: 0 | S11: 4800 | T11: 0 | U11: 7001 | V11: 0 | W11: =IF('Dan Lowe'!G11<>"",1,0) -> 1 | X11: =IF('Dan Lowe'!H11<>"",1,0) -> 1 | Y11: =IF(OR('Dan Lowe'!G11<>'Dan Lowe'!T11,'Dan Lowe'!H11<>'Dan Lowe'!U11,N('Dan Lowe'!I11)>0),1,0) -> 0 | Z11: =IF(OR(H11<>Q11,I11<>R11,J11<>S11,K11<>T11),1,0) -> 0
A12: A1020 | B12: Design package 02 | C12: Bulk Materials | D12: Material · units | E12: 16 | F12: 1520 | G12: 0 | H12: 16 | I12: 0 | J12: 1520 | K12: 0 | L12: =IFERROR(N(H12)+N(I12),"") -> 16 | M12: =IFERROR(E12-(N(H12)+N(I12)),"") -> 0 | N12: =IFERROR(N(J12)+N(K12),"") -> 1520 | O12: =IFERROR(F12-(N(J12)+N(K12)),"") -> 0 | P12: =IF(OR(AND(H12<>"",NOT(ISNUMBER(H12))),AND(I12<>"",NOT(ISNUMBER(I12))),AND(J12<>"",NOT(ISNUMBER(J12))),AND(K12<>"",NOT(ISNUMBER(K12)))),"Not a number",IF(OR(N(H12)<0,N(I12)<0,N(J12)<0,N(K12)<0),"Negative value",IF(AND(W12=0,OR(N(H12)>0,N(J12)>0)),"Start date needed",IF(AND(X12=1,OR(N(I12)>0,N(K12)>0)),"Remaining on finished work",IF(Z12=1,IF(OR(N(H12)<Q12-0.005,N(J12)<S12-0.005),"Actual reduced",IF(OR(N(H12)+N(I12)>E12+0.005,N(J12)+N(K12)>F12+0.005),"Over budget","✓ Updated")),IF(Y12=1,"Actuals not given","Not changed yet")))))) -> Not changed yet | Q12: 16 | R12: 0 | S12: 1520 | T12: 0 | U12: 7002 | V12: 0 | W12: =IF('Dan Lowe'!G12<>"",1,0) -> 1 | X12: =IF('Dan Lowe'!H12<>"",1,0) -> 1 | Y12: =IF(OR('Dan Lowe'!G12<>'Dan Lowe'!T12,'Dan Lowe'!H12<>'Dan Lowe'!U12,N('Dan Lowe'!I12)>0),1,0) -> 0 | Z12: =IF(OR(H12<>Q12,I12<>R12,J12<>S12,K12<>T12),1,0) -> 0
A13: A1040 | B13: Design package 04 | C13: Site Labour | D13: Labour · h | E13: 80 | F13: 6000 | G13: 0 | H13: 80 | I13: 0 | J13: 6000 | K13: 0 | L13: =IFERROR(N(H13)+N(I13),"") -> 80 | M13: =IFERROR(E13-(N(H13)+N(I13)),"") -> 0 | N13: =IFERROR(N(J13)+N(K13),"") -> 6000 | O13: =IFERROR(F13-(N(J13)+N(K13)),"") -> 0 | P13: =IF(OR(AND(H13<>"",NOT(ISNUMBER(H13))),AND(I13<>"",NOT(ISNUMBER(I13))),AND(J13<>"",NOT(ISNUMBER(J13))),AND(K13<>"",NOT(ISNUMBER(K13)))),"Not a number",IF(OR(N(H13)<0,N(I13)<0,N(J13)<0,N(K13)<0),"Negative value",IF(AND(W13=0,OR(N(H13)>0,N(J13)>0)),"Start date needed",IF(AND(X13=1,OR(N(I13)>0,N(K13)>0)),"Remaining on finished work",IF(Z13=1,IF(OR(N(H13)<Q13-0.005,N(J13)<S13-0.005),"Actual reduced",IF(OR(N(H13)+N(I13)>E13+0.005,N(J13)+N(K13)>F13+0.005),"Over budget","✓ Updated")),IF(Y13=1,"Actuals not given","Not changed yet")))))) -> Not changed yet | Q13: 80 | R13: 0 | S13: 6000 | T13: 0 | U13: 7004 | V13: 0 | W13: =IF('Dan Lowe'!G14<>"",1,0) -> 1 | X13: =IF('Dan Lowe'!H14<>"",1,0) -> 1 | Y13: =IF(OR('Dan Lowe'!G14<>'Dan Lowe'!T14,'Dan Lowe'!H14<>'Dan Lowe'!U14,N('Dan Lowe'!I14)>0),1,0) -> 0 | Z13: =IF(OR(H13<>Q13,I13<>R13,J13<>S13,K13<>T13),1,0) -> 0
A14: A1050 | B14: Design package 05 | C14: Bulk Materials | D14: Material · units | E14: 16 | F14: 1520 | G14: 0 | H14: 16 | I14: 0 | J14: 1520 | K14: 0 | L14: =IFERROR(N(H14)+N(I14),"") -> 16 | M14: =IFERROR(E14-(N(H14)+N(I14)),"") -> 0 | N14: =IFERROR(N(J14)+N(K14),"") -> 1520 | O14: =IFERROR(F14-(N(J14)+N(K14)),"") -> 0 | P14: =IF(OR(AND(H14<>"",NOT(ISNUMBER(H14))),AND(I14<>"",NOT(ISNUMBER(I14))),AND(J14<>"",NOT(ISNUMBER(J14))),AND(K14<>"",NOT(ISNUMBER(K14)))),"Not a number",IF(OR(N(H14)<0,N(I14)<0,N(J14)<0,N(K14)<0),"Negative value",IF(AND(W14=0,OR(N(H14)>0,N(J14)>0)),"Start date needed",IF(AND(X14=1,OR(N(I14)>0,N(K14)>0)),"Remaining on finished work",IF(Z14=1,IF(OR(N(H14)<Q14-0.005,N(J14)<S14-0.005),"Actual reduced",IF(OR(N(H14)+N(I14)>E14+0.005,N(J14)+N(K14)>F14+0.005),"Over budget","✓ Updated")),IF(Y14=1,"Actuals not given","Not changed yet")))))) -> Not changed yet | Q14: 16 | R14: 0 | S14: 1520 | T14: 0 | U14: 7005 | V14: 0 | W14: =IF('Dan Lowe'!G15<>"",1,0) -> 1 | X14: =IF('Dan Lowe'!H15<>"",1,0) -> 1 | Y14: =IF(OR('Dan Lowe'!G15<>'Dan Lowe'!T15,'Dan Lowe'!H15<>'Dan Lowe'!U15,N('Dan Lowe'!I15)>0),1,0) -> 0 | Z14: =IF(OR(H14<>Q14,I14<>R14,J14<>S14,K14<>T14),1,0) -> 0
A15: A1060 | B15: Design package 06 | C15: Design Engineer | D15: Labour · h | E15: 64 | F15: 3520 | G15: 0 | H15: 64 | I15: 0 | J15: 3520 | K15: 0 | L15: =IFERROR(N(H15)+N(I15),"") -> 64 | M15: =IFERROR(E15-(N(H15)+N(I15)),"") -> 0 | N15: =IFERROR(N(J15)+N(K15),"") -> 3520 | O15: =IFERROR(F15-(N(J15)+N(K15)),"") -> 0 | P15: =IF(OR(AND(H15<>"",NOT(ISNUMBER(H15))),AND(I15<>"",NOT(ISNUMBER(I15))),AND(J15<>"",NOT(ISNUMBER(J15))),AND(K15<>"",NOT(ISNUMBER(K15)))),"Not a number",IF(OR(N(H15)<0,N(I15)<0,N(J15)<0,N(K15)<0),"Negative value",IF(AND(W15=0,OR(N(H15)>0,N(J15)>0)),"Start date needed",IF(AND(X15=1,OR(N(I15)>0,N(K15)>0)),"Remaining on finished work",IF(Z15=1,IF(OR(N(H15)<Q15-0.005,N(J15)<S15-0.005),"Actual reduced",IF(OR(N(H15)+N(I15)>E15+0.005,N(J15)+N(K15)>F15+0.005),"Over budget","✓ Updated")),IF(Y15=1,"Actuals not given","Not changed yet")))))) -> Not changed yet | Q15: 64 | R15: 0 | S15: 3520 | T15: 0 | U15: 7006 | V15: 0 | W15: =IF('Dan Lowe'!G16<>"",1,0) -> 1 | X15: =IF('Dan Lowe'!H16<>"",1,0) -> 1 | Y15: =IF(OR('Dan Lowe'!G16<>'Dan Lowe'!T16,'Dan Lowe'!H16<>'Dan Lowe'!U16,N('Dan Lowe'!I16)>0),1,0) -> 0 | Z15: =IF(OR(H15<>Q15,I15<>R15,J15<>S15,K15<>T15),1,0) -> 0
A16: A1070 | B16: Design package 07 | C16: Site Labour | D16: Labour · h | E16: 16 | F16: 1200 | G16: 0 | H16: 16 | I16: 0 | J16: 1200 | K16: 0 | L16: =IFERROR(N(H16)+N(I16),"") -> 16 | M16: =IFERROR(E16-(N(H16)+N(I16)),"") -> 0 | N16: =IFERROR(N(J16)+N(K16),"") -> 1200 | O16: =IFERROR(F16-(N(J16)+N(K16)),"") -> 0 | P16: =IF(OR(AND(H16<>"",NOT(ISNUMBER(H16))),AND(I16<>"",NOT(ISNUMBER(I16))),AND(J16<>"",NOT(ISNUMBER(J16))),AND(K16<>"",NOT(ISNUMBER(K16)))),"Not a number",IF(OR(N(H16)<0,N(I16)<0,N(J16)<0,N(K16)<0),"Negative value",IF(AND(W16=0,OR(N(H16)>0,N(J16)>0)),"Start date needed",IF(AND(X16=1,OR(N(I16)>0,N(K16)>0)),"Remaining on finished work",IF(Z16=1,IF(OR(N(H16)<Q16-0.005,N(J16)<S16-0.005),"Actual reduced",IF(OR(N(H16)+N(I16)>E16+0.005,N(J16)+N(K16)>F16+0.005),"Over budget","✓ Updated")),IF(Y16=1,"Actuals not given","Not changed yet")))))) -> Not changed yet | Q16: 16 | R16: 0 | S16: 1200 | T16: 0 | U16: 7007 | V16: 0 | W16: =IF('Dan Lowe'!G17<>"",1,0) -> 1 | X16: =IF('Dan Lowe'!H17<>"",1,0) -> 1 | Y16: =IF(OR('Dan Lowe'!G17<>'Dan Lowe'!T17,'Dan Lowe'!H17<>'Dan Lowe'!U17,N('Dan Lowe'!I17)>0),1,0) -> 0 | Z16: =IF(OR(H16<>Q16,I16<>R16,J16<>S16,K16<>T16),1,0) -> 0
A17: A1080 | B17: Design package 08 | C17: Bulk Materials | D17: Material · units | E17: 16 | F17: 1520 | G17: 0 | H17: 16 | I17: 0 | J17: 1520 | K17: 0 | L17: =IFERROR(N(H17)+N(I17),"") -> 16 | M17: =IFERROR(E17-(N(H17)+N(I17)),"") -> 0 | N17: =IFERROR(N(J17)+N(K17),"") -> 1520 | O17: =IFERROR(F17-(N(J17)+N(K17)),"") -> 0 | P17: =IF(OR(AND(H17<>"",NOT(ISNUMBER(H17))),AND(I17<>"",NOT(ISNUMBER(I17))),AND(J17<>"",NOT(ISNUMBER(J17))),AND(K17<>"",NOT(ISNUMBER(K17)))),"Not a number",IF(OR(N(H17)<0,N(I17)<0,N(J17)<0,N(K17)<0),"Negative value",IF(AND(W17=0,OR(N(H17)>0,N(J17)>0)),"Start date needed",IF(AND(X17=1,OR(N(I17)>0,N(K17)>0)),"Remaining on finished work",IF(Z17=1,IF(OR(N(H17)<Q17-0.005,N(J17)<S17-0.005),"Actual reduced",IF(OR(N(H17)+N(I17)>E17+0.005,N(J17)+N(K17)>F17+0.005),"Over budget","✓ Updated")),IF(Y17=1,"Actuals not given","Not changed yet")))))) -> Not changed yet | Q17: 16 | R17: 0 | S17: 1520 | T17: 0 | U17: 7008 | V17: 0 | W17: =IF('Dan Lowe'!G18<>"",1,0) -> 1 | X17: =IF('Dan Lowe'!H18<>"",1,0) -> 1 | Y17: =IF(OR('Dan Lowe'!G18<>'Dan Lowe'!T18,'Dan Lowe'!H18<>'Dan Lowe'!U18,N('Dan Lowe'!I18)>0),1,0) -> 0 | Z17: =IF(OR(H17<>Q17,I17<>R17,J17<>S17,K17<>T17),1,0) -> 0
A18: A1090 | B18: Design package 09 | C18: Design Engineer | D18: Labour · h | E18: 16 | F18: 880 | G18: 0 | H18: 16 | I18: 0 | J18: 880 | K18: 0 | L18: =IFERROR(N(H18)+N(I18),"") -> 16 | M18: =IFERROR(E18-(N(H18)+N(I18)),"") -> 0 | N18: =IFERROR(N(J18)+N(K18),"") -> 880 | O18: =IFERROR(F18-(N(J18)+N(K18)),"") -> 0 | P18: =IF(OR(AND(H18<>"",NOT(ISNUMBER(H18))),AND(I18<>"",NOT(ISNUMBER(I18))),AND(J18<>"",NOT(ISNUMBER(J18))),AND(K18<>"",NOT(ISNUMBER(K18)))),"Not a number",IF(OR(N(H18)<0,N(I18)<0,N(J18)<0,N(K18)<0),"Negative value",IF(AND(W18=0,OR(N(H18)>0,N(J18)>0)),"Start date needed",IF(AND(X18=1,OR(N(I18)>0,N(K18)>0)),"Remaining on finished work",IF(Z18=1,IF(OR(N(H18)<Q18-0.005,N(J18)<S18-0.005),"Actual reduced",IF(OR(N(H18)+N(I18)>E18+0.005,N(J18)+N(K18)>F18+0.005),"Over budget","✓ Updated")),IF(Y18=1,"Actuals not given","Not changed yet")))))) -> Not changed yet | Q18: 16 | R18: 0 | S18: 880 | T18: 0 | U18: 7009 | V18: 0 | W18: =IF('Dan Lowe'!G19<>"",1,0) -> 1 | X18: =IF('Dan Lowe'!H19<>"",1,0) -> 1 | Y18: =IF(OR('Dan Lowe'!G19<>'Dan Lowe'!T19,'Dan Lowe'!H19<>'Dan Lowe'!U19,N('Dan Lowe'!I19)>0),1,0) -> 0 | Z18: =IF(OR(H18<>Q18,I18<>R18,J18<>S18,K18<>T18),1,0) -> 0
A19: A1110 | B19: Design package 11 | C19: Bulk Materials | D19: Material · units | E19: 80 | F19: 7600 | G19: 0 | H19: 80 | I19: 0 | J19: 7600 | K19: 0 | L19: =IFERROR(N(H19)+N(I19),"") -> 80 | M19: =IFERROR(E19-(N(H19)+N(I19)),"") -> 0 | N19: =IFERROR(N(J19)+N(K19),"") -> 7600 | O19: =IFERROR(F19-(N(J19)+N(K19)),"") -> 0 | P19: =IF(OR(AND(H19<>"",NOT(ISNUMBER(H19))),AND(I19<>"",NOT(ISNUMBER(I19))),AND(J19<>"",NOT(ISNUMBER(J19))),AND(K19<>"",NOT(ISNUMBER(K19)))),"Not a number",IF(OR(N(H19)<0,N(I19)<0,N(J19)<0,N(K19)<0),"Negative value",IF(AND(W19=0,OR(N(H19)>0,N(J19)>0)),"Start date needed",IF(AND(X19=1,OR(N(I19)>0,N(K19)>0)),"Remaining on finished work",IF(Z19=1,IF(OR(N(H19)<Q19-0.005,N(J19)<S19-0.005),"Actual reduced",IF(OR(N(H19)+N(I19)>E19+0.005,N(J19)+N(K19)>F19+0.005),"Over budget","✓ Updated")),IF(Y19=1,"Actuals not given","Not changed yet")))))) -> Not changed yet | Q19: 80 | R19: 0 | S19: 7600 | T19: 0 | U19: 7011 | V19: 0 | W19: =IF('Dan Lowe'!G21<>"",1,0) -> 1 | X19: =IF('Dan Lowe'!H21<>"",1,0) -> 1 | Y19: =IF(OR('Dan Lowe'!G21<>'Dan Lowe'!T21,'Dan Lowe'!H21<>'Dan Lowe'!U21,N('Dan Lowe'!I21)>0),1,0) -> 0 | Z19: =IF(OR(H19<>Q19,I19<>R19,J19<>S19,K19<>T19),1,0) -> 0
A20: A1120 | B20: Design package 12 | C20: Design Engineer | D20: Labour · h | E20: 16 | F20: 880 | G20: 0 | H20: 16 | I20: 0 | J20: 880 | K20: 0 | L20: =IFERROR(N(H20)+N(I20),"") -> 16 | M20: =IFERROR(E20-(N(H20)+N(I20)),"") -> 0 | N20: =IFERROR(N(J20)+N(K20),"") -> 880 | O20: =IFERROR(F20-(N(J20)+N(K20)),"") -> 0 | P20: =IF(OR(AND(H20<>"",NOT(ISNUMBER(H20))),AND(I20<>"",NOT(ISNUMBER(I20))),AND(J20<>"",NOT(ISNUMBER(J20))),AND(K20<>"",NOT(ISNUMBER(K20)))),"Not a number",IF(OR(N(H20)<0,N(I20)<0,N(J20)<0,N(K20)<0),"Negative value",IF(AND(W20=0,OR(N(H20)>0,N(J20)>0)),"Start date needed",IF(AND(X20=1,OR(N(I20)>0,N(K20)>0)),"Remaining on finished work",IF(Z20=1,IF(OR(N(H20)<Q20-0.005,N(J20)<S20-0.005),"Actual reduced",IF(OR(N(H20)+N(I20)>E20+0.005,N(J20)+N(K20)>F20+0.005),"Over budget","✓ Updated")),IF(Y20=1,"Actuals not given","Not changed yet")))))) -> Not changed yet | Q20: 16 | R20: 0 | S20: 880 | T20: 0 | U20: 7012 | V20: 0 | W20: =IF('Dan Lowe'!G22<>"",1,0) -> 1 | X20: =IF('Dan Lowe'!H22<>"",1,0) -> 1 | Y20: =IF(OR('Dan Lowe'!G22<>'Dan Lowe'!T22,'Dan Lowe'!H22<>'Dan Lowe'!U22,N('Dan Lowe'!I22)>0),1,0) -> 0 | Z20: =IF(OR(H20<>Q20,I20<>R20,J20<>S20,K20<>T20),1,0) -> 0
A21: A1130 | B21: Design package 13 | C21: Site Labour | D21: Labour · h | E21: 16 | F21: 1200 | G21: 0 | H21: 16 | I21: 0 | J21: 1200 | K21: 0 | L21: =IFERROR(N(H21)+N(I21),"") -> 16 | M21: =IFERROR(E21-(N(H21)+N(I21)),"") -> 0 | N21: =IFERROR(N(J21)+N(K21),"") -> 1200 | O21: =IFERROR(F21-(N(J21)+N(K21)),"") -> 0 | P21: =IF(OR(AND(H21<>"",NOT(ISNUMBER(H21))),AND(I21<>"",NOT(ISNUMBER(I21))),AND(J21<>"",NOT(ISNUMBER(J21))),AND(K21<>"",NOT(ISNUMBER(K21)))),"Not a number",IF(OR(N(H21)<0,N(I21)<0,N(J21)<0,N(K21)<0),"Negative value",IF(AND(W21=0,OR(N(H21)>0,N(J21)>0)),"Start date needed",IF(AND(X21=1,OR(N(I21)>0,N(K21)>0)),"Remaining on finished work",IF(Z21=1,IF(OR(N(H21)<Q21-0.005,N(J21)<S21-0.005),"Actual reduced",IF(OR(N(H21)+N(I21)>E21+0.005,N(J21)+N(K21)>F21+0.005),"Over budget","✓ Updated")),IF(Y21=1,"Actuals not given","Not changed yet")))))) -> Not changed yet | Q21: 16 | R21: 0 | S21: 1200 | T21: 0 | U21: 7013 | V21: 0 | W21: =IF('Dan Lowe'!G23<>"",1,0) -> 1 | X21: =IF('Dan Lowe'!H23<>"",1,0) -> 1 | Y21: =IF(OR('Dan Lowe'!G23<>'Dan Lowe'!T23,'Dan Lowe'!H23<>'Dan Lowe'!U23,N('Dan Lowe'!I23)>0),1,0) -> 0 | Z21: =IF(OR(H21<>Q21,I21<>R21,J21<>S21,K21<>T21),1,0) -> 0
A22: A1140 | B22: Design package 14 | C22: Bulk Materials | D22: Material · units | E22: 40 | F22: 3800 | G22: 0 | H22: 40 | I22: 0 | J22: 3800 | K22: 0 | L22: =IFERROR(N(H22)+N(I22),"") -> 40 | M22: =IFERROR(E22-(N(H22)+N(I22)),"") -> 0 | N22: =IFERROR(N(J22)+N(K22),"") -> 3800 | O22: =IFERROR(F22-(N(J22)+N(K22)),"") -> 0 | P22: =IF(OR(AND(H22<>"",NOT(ISNUMBER(H22))),AND(I22<>"",NOT(ISNUMBER(I22))),AND(J22<>"",NOT(ISNUMBER(J22))),AND(K22<>"",NOT(ISNUMBER(K22)))),"Not a number",IF(OR(N(H22)<0,N(I22)<0,N(J22)<0,N(K22)<0),"Negative value",IF(AND(W22=0,OR(N(H22)>0,N(J22)>0)),"Start date needed",IF(AND(X22=1,OR(N(I22)>0,N(K22)>0)),"Remaining on finished work",IF(Z22=1,IF(OR(N(H22)<Q22-0.005,N(J22)<S22-0.005),"Actual reduced",IF(OR(N(H22)+N(I22)>E22+0.005,N(J22)+N(K22)>F22+0.005),"Over budget","✓ Updated")),IF(Y22=1,"Actuals not given","Not changed yet")))))) -> Not changed yet | Q22: 40 | R22: 0 | S22: 3800 | T22: 0 | U22: 7014 | V22: 0 | W22: =IF('Dan Lowe'!G24<>"",1,0) -> 1 | X22: =IF('Dan Lowe'!H24<>"",1,0) -> 1 | Y22: =IF(OR('Dan Lowe'!G24<>'Dan Lowe'!T24,'Dan Lowe'!H24<>'Dan Lowe'!U24,N('Dan Lowe'!I24)>0),1,0) -> 0 | Z22: =IF(OR(H22<>Q22,I22<>R22,J22<>S22,K22<>T22),1,0) -> 0
A23: A1150 | B23: Design package 15 | C23: Design Engineer | D23: Labour · h | E23: 24 | F23: 1320 | G23: 0 | H23: 24 | I23: 0 | J23: 1320 | K23: 0 | L23: =IFERROR(N(H23)+N(I23),"") -> 24 | M23: =IFERROR(E23-(N(H23)+N(I23)),"") -> 0 | N23: =IFERROR(N(J23)+N(K23),"") -> 1320 | O23: =IFERROR(F23-(N(J23)+N(K23)),"") -> 0 | P23: =IF(OR(AND(H23<>"",NOT(ISNUMBER(H23))),AND(I23<>"",NOT(ISNUMBER(I23))),AND(J23<>"",NOT(ISNUMBER(J23))),AND(K23<>"",NOT(ISNUMBER(K23)))),"Not a number",IF(OR(N(H23)<0,N(I23)<0,N(J23)<0,N(K23)<0),"Negative value",IF(AND(W23=0,OR(N(H23)>0,N(J23)>0)),"Start date needed",IF(AND(X23=1,OR(N(I23)>0,N(K23)>0)),"Remaining on finished work",IF(Z23=1,IF(OR(N(H23)<Q23-0.005,N(J23)<S23-0.005),"Actual reduced",IF(OR(N(H23)+N(I23)>E23+0.005,N(J23)+N(K23)>F23+0.005),"Over budget","✓ Updated")),IF(Y23=1,"Actuals not given","Not changed yet")))))) -> Not changed yet | Q23: 24 | R23: 0 | S23: 1320 | T23: 0 | U23: 7015 | V23: 0 | W23: =IF('Dan Lowe'!G25<>"",1,0) -> 1 | X23: =IF('Dan Lowe'!H25<>"",1,0) -> 1 | Y23: =IF(OR('Dan Lowe'!G25<>'Dan Lowe'!T25,'Dan Lowe'!H25<>'Dan Lowe'!U25,N('Dan Lowe'!I25)>0),1,0) -> 0 | Z23: =IF(OR(H23<>Q23,I23<>R23,J23<>S23,K23<>T23),1,0) -> 0
A24: A1160 | B24: Design package 16 | C24: Site Labour | D24: Labour · h | E24: 80 | F24: 6000 | G24: 0 | H24: 80 | I24: 0 | J24: 6000 | K24: 0 | L24: =IFERROR(N(H24)+N(I24),"") -> 80 | M24: =IFERROR(E24-(N(H24)+N(I24)),"") -> 0 | N24: =IFERROR(N(J24)+N(K24),"") -> 6000 | O24: =IFERROR(F24-(N(J24)+N(K24)),"") -> 0 | P24: =IF(OR(AND(H24<>"",NOT(ISNUMBER(H24))),AND(I24<>"",NOT(ISNUMBER(I24))),AND(J24<>"",NOT(ISNUMBER(J24))),AND(K24<>"",NOT(ISNUMBER(K24)))),"Not a number",IF(OR(N(H24)<0,N(I24)<0,N(J24)<0,N(K24)<0),"Negative value",IF(AND(W24=0,OR(N(H24)>0,N(J24)>0)),"Start date needed",IF(AND(X24=1,OR(N(I24)>0,N(K24)>0)),"Remaining on finished work",IF(Z24=1,IF(OR(N(H24)<Q24-0.005,N(J24)<S24-0.005),"Actual reduced",IF(OR(N(H24)+N(I24)>E24+0.005,N(J24)+N(K24)>F24+0.005),"Over budget","✓ Updated")),IF(Y24=1,"Actuals not given","Not changed yet")))))) -> Not changed yet | Q24: 80 | R24: 0 | S24: 6000 | T24: 0 | U24: 7016 | V24: 0 | W24: =IF('Dan Lowe'!G26<>"",1,0) -> 1 | X24: =IF('Dan Lowe'!H26<>"",1,0) -> 1 | Y24: =IF(OR('Dan Lowe'!G26<>'Dan Lowe'!T26,'Dan Lowe'!H26<>'Dan Lowe'!U26,N('Dan Lowe'!I26)>0),1,0) -> 0 | Z24: =IF(OR(H24<>Q24,I24<>R24,J24<>S24,K24<>T24),1,0) -> 0
A25: A1180 | B25: Design package 18 | C25: Design Engineer | D25: Labour · h | E25: 16 | F25: 880 | G25: 0 | H25: 16 | I25: 0 | J25: 880 | K25: 0 | L25: =IFERROR(N(H25)+N(I25),"") -> 16 | M25: =IFERROR(E25-(N(H25)+N(I25)),"") -> 0 | N25: =IFERROR(N(J25)+N(K25),"") -> 880 | O25: =IFERROR(F25-(N(J25)+N(K25)),"") -> 0 | P25: =IF(OR(AND(H25<>"",NOT(ISNUMBER(H25))),AND(I25<>"",NOT(ISNUMBER(I25))),AND(J25<>"",NOT(ISNUMBER(J25))),AND(K25<>"",NOT(ISNUMBER(K25)))),"Not a number",IF(OR(N(H25)<0,N(I25)<0,N(J25)<0,N(K25)<0),"Negative value",IF(AND(W25=0,OR(N(H25)>0,N(J25)>0)),"Start date needed",IF(AND(X25=1,OR(N(I25)>0,N(K25)>0)),"Remaining on finished work",IF(Z25=1,IF(OR(N(H25)<Q25-0.005,N(J25)<S25-0.005),"Actual reduced",IF(OR(N(H25)+N(I25)>E25+0.005,N(J25)+N(K25)>F25+0.005),"Over budget","✓ Updated")),IF(Y25=1,"Actuals not given","Not changed yet")))))) -> Not changed yet | Q25: 16 | R25: 0 | S25: 880 | T25: 0 | U25: 7018 | V25: 0 | W25: =IF('Dan Lowe'!G28<>"",1,0) -> 1 | X25: =IF('Dan Lowe'!H28<>"",1,0) -> 1 | Y25: =IF(OR('Dan Lowe'!G28<>'Dan Lowe'!T28,'Dan Lowe'!H28<>'Dan Lowe'!U28,N('Dan Lowe'!I28)>0),1,0) -> 0 | Z25: =IF(OR(H25<>Q25,I25<>R25,J25<>S25,K25<>T25),1,0) -> 0
A26: A1190 | B26: Design package 19 | C26: Site Labour | D26: Labour · h | E26: 40 | F26: 3000 | G26: 0 | H26: 40 | I26: 0 | J26: 3000 | K26: 0 | L26: =IFERROR(N(H26)+N(I26),"") -> 40 | M26: =IFERROR(E26-(N(H26)+N(I26)),"") -> 0 | N26: =IFERROR(N(J26)+N(K26),"") -> 3000 | O26: =IFERROR(F26-(N(J26)+N(K26)),"") -> 0 | P26: =IF(OR(AND(H26<>"",NOT(ISNUMBER(H26))),AND(I26<>"",NOT(ISNUMBER(I26))),AND(J26<>"",NOT(ISNUMBER(J26))),AND(K26<>"",NOT(ISNUMBER(K26)))),"Not a number",IF(OR(N(H26)<0,N(I26)<0,N(J26)<0,N(K26)<0),"Negative value",IF(AND(W26=0,OR(N(H26)>0,N(J26)>0)),"Start date needed",IF(AND(X26=1,OR(N(I26)>0,N(K26)>0)),"Remaining on finished work",IF(Z26=1,IF(OR(N(H26)<Q26-0.005,N(J26)<S26-0.005),"Actual reduced",IF(OR(N(H26)+N(I26)>E26+0.005,N(J26)+N(K26)>F26+0.005),"Over budget","✓ Updated")),IF(Y26=1,"Actuals not given","Not changed yet")))))) -> Not changed yet | Q26: 40 | R26: 0 | S26: 3000 | T26: 0 | U26: 7019 | V26: 0 | W26: =IF('Dan Lowe'!G29<>"",1,0) -> 1 | X26: =IF('Dan Lowe'!H29<>"",1,0) -> 1 | Y26: =IF(OR('Dan Lowe'!G29<>'Dan Lowe'!T29,'Dan Lowe'!H29<>'Dan Lowe'!U29,N('Dan Lowe'!I29)>0),1,0) -> 0 | Z26: =IF(OR(H26<>Q26,I26<>R26,J26<>S26,K26<>T26),1,0) -> 0
A27: Priya Menon - Project Manager
A28: A1000 | B28: Design package 00 | C28: Design Engineer | D28: Labour · h | E28: 40 | F28: 2200 | G28: 0 | H28: 40 | I28: 0 | J28: 2200 | K28: 0 | L28: =IFERROR(N(H28)+N(I28),"") -> 40 | M28: =IFERROR(E28-(N(H28)+N(I28)),"") -> 0 | N28: =IFERROR(N(J28)+N(K28),"") -> 2200 | O28: =IFERROR(F28-(N(J28)+N(K28)),"") -> 0 | P28: =IF(OR(AND(H28<>"",NOT(ISNUMBER(H28))),AND(I28<>"",NOT(ISNUMBER(I28))),AND(J28<>"",NOT(ISNUMBER(J28))),AND(K28<>"",NOT(ISNUMBER(K28)))),"Not a number",IF(OR(N(H28)<0,N(I28)<0,N(J28)<0,N(K28)<0),"Negative value",IF(AND(W28=0,OR(N(H28)>0,N(J28)>0)),"Start date needed",IF(AND(X28=1,OR(N(I28)>0,N(K28)>0)),"Remaining on finished work",IF(Z28=1,IF(OR(N(H28)<Q28-0.005,N(J28)<S28-0.005),"Actual reduced",IF(OR(N(H28)+N(I28)>E28+0.005,N(J28)+N(K28)>F28+0.005),"Over budget","✓ Updated")),IF(Y28=1,"Actuals not given","Not changed yet")))))) -> Not changed yet | Q28: 40 | R28: 0 | S28: 2200 | T28: 0 | U28: 7000 | V28: 0 | W28: =IF('Priya Menon'!G11<>"",1,0) -> 1 | X28: =IF('Priya Menon'!H11<>"",1,0) -> 1 | Y28: =IF(OR('Priya Menon'!G11<>'Priya Menon'!T11,'Priya Menon'!H11<>'Priya Menon'!U11,N('Priya Menon'!I11)>0),1,0) -> 0 | Z28: =IF(OR(H28<>Q28,I28<>R28,J28<>S28,K28<>T28),1,0) -> 0
A29: Sara Moss - Site Manager
A30: A1200 | B30: Build package 20 | C30: Bulk Materials | D30: Material · units | E30: 80 | F30: 7600 | G30: 0 | H30: 80 | I30: 0 | J30: 7600 | K30: 0 | L30: =IFERROR(N(H30)+N(I30),"") -> 80 | M30: =IFERROR(E30-(N(H30)+N(I30)),"") -> 0 | N30: =IFERROR(N(J30)+N(K30),"") -> 7600 | O30: =IFERROR(F30-(N(J30)+N(K30)),"") -> 0 | P30: =IF(OR(AND(H30<>"",NOT(ISNUMBER(H30))),AND(I30<>"",NOT(ISNUMBER(I30))),AND(J30<>"",NOT(ISNUMBER(J30))),AND(K30<>"",NOT(ISNUMBER(K30)))),"Not a number",IF(OR(N(H30)<0,N(I30)<0,N(J30)<0,N(K30)<0),"Negative value",IF(AND(W30=0,OR(N(H30)>0,N(J30)>0)),"Start date needed",IF(AND(X30=1,OR(N(I30)>0,N(K30)>0)),"Remaining on finished work",IF(Z30=1,IF(OR(N(H30)<Q30-0.005,N(J30)<S30-0.005),"Actual reduced",IF(OR(N(H30)+N(I30)>E30+0.005,N(J30)+N(K30)>F30+0.005),"Over budget","✓ Updated")),IF(Y30=1,"Actuals not given","Not changed yet")))))) -> Not changed yet | Q30: 80 | R30: 0 | S30: 7600 | T30: 0 | U30: 7020 | V30: 0 | W30: =IF('Sara Moss'!G11<>"",1,0) -> 1 | X30: =IF('Sara Moss'!H11<>"",1,0) -> 1 | Y30: =IF(OR('Sara Moss'!G11<>'Sara Moss'!T11,'Sara Moss'!H11<>'Sara Moss'!U11,N('Sara Moss'!I11)>0),1,0) -> 0 | Z30: =IF(OR(H30<>Q30,I30<>R30,J30<>S30,K30<>T30),1,0) -> 0
A31: A1220 | B31: Build package 22 | C31: Site Labour | D31: Labour · h | E31: 80 | F31: 6000 | G31: 0 | H31: 80 | I31: 0 | J31: 6000 | K31: 0 | L31: =IFERROR(N(H31)+N(I31),"") -> 80 | M31: =IFERROR(E31-(N(H31)+N(I31)),"") -> 0 | N31: =IFERROR(N(J31)+N(K31),"") -> 6000 | O31: =IFERROR(F31-(N(J31)+N(K31)),"") -> 0 | P31: =IF(OR(AND(H31<>"",NOT(ISNUMBER(H31))),AND(I31<>"",NOT(ISNUMBER(I31))),AND(J31<>"",NOT(ISNUMBER(J31))),AND(K31<>"",NOT(ISNUMBER(K31)))),"Not a number",IF(OR(N(H31)<0,N(I31)<0,N(J31)<0,N(K31)<0),"Negative value",IF(AND(W31=0,OR(N(H31)>0,N(J31)>0)),"Start date needed",IF(AND(X31=1,OR(N(I31)>0,N(K31)>0)),"Remaining on finished work",IF(Z31=1,IF(OR(N(H31)<Q31-0.005,N(J31)<S31-0.005),"Actual reduced",IF(OR(N(H31)+N(I31)>E31+0.005,N(J31)+N(K31)>F31+0.005),"Over budget","✓ Updated")),IF(Y31=1,"Actuals not given","Not changed yet")))))) -> Not changed yet | Q31: 80 | R31: 0 | S31: 6000 | T31: 0 | U31: 7022 | V31: 0 | W31: =IF('Sara Moss'!G12<>"",1,0) -> 1 | X31: =IF('Sara Moss'!H12<>"",1,0) -> 1 | Y31: =IF(OR('Sara Moss'!G12<>'Sara Moss'!T12,'Sara Moss'!H12<>'Sara Moss'!U12,N('Sara Moss'!I12)>0),1,0) -> 0 | Z31: =IF(OR(H31<>Q31,I31<>R31,J31<>S31,K31<>T31),1,0) -> 0
A32: A1260 | B32: Build package 26 | C32: Bulk Materials | D32: Material · units | E32: 40 | F32: 3800 | G32: 0 | H32: 40 | I32: 0 | J32: 3800 | K32: 0 | L32: =IFERROR(N(H32)+N(I32),"") -> 40 | M32: =IFERROR(E32-(N(H32)+N(I32)),"") -> 0 | N32: =IFERROR(N(J32)+N(K32),"") -> 3800 | O32: =IFERROR(F32-(N(J32)+N(K32)),"") -> 0 | P32: =IF(OR(AND(H32<>"",NOT(ISNUMBER(H32))),AND(I32<>"",NOT(ISNUMBER(I32))),AND(J32<>"",NOT(ISNUMBER(J32))),AND(K32<>"",NOT(ISNUMBER(K32)))),"Not a number",IF(OR(N(H32)<0,N(I32)<0,N(J32)<0,N(K32)<0),"Negative value",IF(AND(W32=0,OR(N(H32)>0,N(J32)>0)),"Start date needed",IF(AND(X32=1,OR(N(I32)>0,N(K32)>0)),"Remaining on finished work",IF(Z32=1,IF(OR(N(H32)<Q32-0.005,N(J32)<S32-0.005),"Actual reduced",IF(OR(N(H32)+N(I32)>E32+0.005,N(J32)+N(K32)>F32+0.005),"Over budget","✓ Updated")),IF(Y32=1,"Actuals not given","Not changed yet")))))) -> Not changed yet | Q32: 40 | R32: 0 | S32: 3800 | T32: 0 | U32: 7026 | V32: 0 | W32: =IF('Sara Moss'!G14<>"",1,0) -> 1 | X32: =IF('Sara Moss'!H14<>"",1,0) -> 1 | Y32: =IF(OR('Sara Moss'!G14<>'Sara Moss'!T14,'Sara Moss'!H14<>'Sara Moss'!U14,N('Sara Moss'!I14)>0),1,0) -> 0 | Z32: =IF(OR(H32<>Q32,I32<>R32,J32<>S32,K32<>T32),1,0) -> 0
A33: A1280 | B33: Build package 28 | C33: Site Labour | D33: Labour · h | E33: 120 | F33: 9000 | G33: 0 | H33: 120 | I33: 0 | J33: 9000 | K33: 0 | L33: =IFERROR(N(H33)+N(I33),"") -> 120 | M33: =IFERROR(E33-(N(H33)+N(I33)),"") -> 0 | N33: =IFERROR(N(J33)+N(K33),"") -> 9000 | O33: =IFERROR(F33-(N(J33)+N(K33)),"") -> 0 | P33: =IF(OR(AND(H33<>"",NOT(ISNUMBER(H33))),AND(I33<>"",NOT(ISNUMBER(I33))),AND(J33<>"",NOT(ISNUMBER(J33))),AND(K33<>"",NOT(ISNUMBER(K33)))),"Not a number",IF(OR(N(H33)<0,N(I33)<0,N(J33)<0,N(K33)<0),"Negative value",IF(AND(W33=0,OR(N(H33)>0,N(J33)>0)),"Start date needed",IF(AND(X33=1,OR(N(I33)>0,N(K33)>0)),"Remaining on finished work",IF(Z33=1,IF(OR(N(H33)<Q33-0.005,N(J33)<S33-0.005),"Actual reduced",IF(OR(N(H33)+N(I33)>E33+0.005,N(J33)+N(K33)>F33+0.005),"Over budget","✓ Updated")),IF(Y33=1,"Actuals not given","Not changed yet")))))) -> Not changed yet | Q33: 120 | R33: 0 | S33: 9000 | T33: 0 | U33: 7028 | V33: 0 | W33: =IF('Sara Moss'!G15<>"",1,0) -> 1 | X33: =IF('Sara Moss'!H15<>"",1,0) -> 1 | Y33: =IF(OR('Sara Moss'!G15<>'Sara Moss'!T15,'Sara Moss'!H15<>'Sara Moss'!U15,N('Sara Moss'!I15)>0),1,0) -> 0 | Z33: =IF(OR(H33<>Q33,I33<>R33,J33<>S33,K33<>T33),1,0) -> 0
A34: A1300 | B34: Build package 30 | C34: Design Engineer | D34: Labour · h | E34: 80 | F34: 4400 | G34: 0 | H34: 80 | I34: 0 | J34: 4400 | K34: 0 | L34: =IFERROR(N(H34)+N(I34),"") -> 80 | M34: =IFERROR(E34-(N(H34)+N(I34)),"") -> 0 | N34: =IFERROR(N(J34)+N(K34),"") -> 4400 | O34: =IFERROR(F34-(N(J34)+N(K34)),"") -> 0 | P34: =IF(OR(AND(H34<>"",NOT(ISNUMBER(H34))),AND(I34<>"",NOT(ISNUMBER(I34))),AND(J34<>"",NOT(ISNUMBER(J34))),AND(K34<>"",NOT(ISNUMBER(K34)))),"Not a number",IF(OR(N(H34)<0,N(I34)<0,N(J34)<0,N(K34)<0),"Negative value",IF(AND(W34=0,OR(N(H34)>0,N(J34)>0)),"Start date needed",IF(AND(X34=1,OR(N(I34)>0,N(K34)>0)),"Remaining on finished work",IF(Z34=1,IF(OR(N(H34)<Q34-0.005,N(J34)<S34-0.005),"Actual reduced",IF(OR(N(H34)+N(I34)>E34+0.005,N(J34)+N(K34)>F34+0.005),"Over budget","✓ Updated")),IF(Y34=1,"Actuals not given","Not changed yet")))))) -> Not changed yet | Q34: 80 | R34: 0 | S34: 4400 | T34: 0 | U34: 7030 | V34: 0 | W34: =IF('Sara Moss'!G16<>"",1,0) -> 1 | X34: =IF('Sara Moss'!H16<>"",1,0) -> 1 | Y34: =IF(OR('Sara Moss'!G16<>'Sara Moss'!T16,'Sara Moss'!H16<>'Sara Moss'!U16,N('Sara Moss'!I16)>0),1,0) -> 0 | Z34: =IF(OR(H34<>Q34,I34<>R34,J34<>S34,K34<>T34),1,0) -> 0
A35: A1320 | B35: Build package 32 | C35: Bulk Materials | D35: Material · units | E35: 40 | F35: 3800 | G35: 0 | H35: 32 | I35: 8 | J35: 3040 | K35: 760 | L35: =IFERROR(N(H35)+N(I35),"") -> 40 | M35: =IFERROR(E35-(N(H35)+N(I35)),"") -> 0 | N35: =IFERROR(N(J35)+N(K35),"") -> 3800 | O35: =IFERROR(F35-(N(J35)+N(K35)),"") -> 0 | P35: =IF(OR(AND(H35<>"",NOT(ISNUMBER(H35))),AND(I35<>"",NOT(ISNUMBER(I35))),AND(J35<>"",NOT(ISNUMBER(J35))),AND(K35<>"",NOT(ISNUMBER(K35)))),"Not a number",IF(OR(N(H35)<0,N(I35)<0,N(J35)<0,N(K35)<0),"Negative value",IF(AND(W35=0,OR(N(H35)>0,N(J35)>0)),"Start date needed",IF(AND(X35=1,OR(N(I35)>0,N(K35)>0)),"Remaining on finished work",IF(Z35=1,IF(OR(N(H35)<Q35-0.005,N(J35)<S35-0.005),"Actual reduced",IF(OR(N(H35)+N(I35)>E35+0.005,N(J35)+N(K35)>F35+0.005),"Over budget","✓ Updated")),IF(Y35=1,"Actuals not given","Not changed yet")))))) -> Not changed yet | Q35: 32 | R35: 8 | S35: 3040 | T35: 760 | U35: 7032 | V35: 0 | W35: =IF('Sara Moss'!G17<>"",1,0) -> 1 | X35: =IF('Sara Moss'!H17<>"",1,0) -> 0 | Y35: =IF(OR('Sara Moss'!G17<>'Sara Moss'!T17,'Sara Moss'!H17<>'Sara Moss'!U17,N('Sara Moss'!I17)>0),1,0) -> 0 | Z35: =IF(OR(H35<>Q35,I35<>R35,J35<>S35,K35<>T35),1,0) -> 0
A36: A1340 | B36: Build package 34 | C36: Site Labour | D36: Labour · h | E36: 24 | F36: 1800 | G36: 0 | H36: 9.6 | I36: 14.4 | J36: 720 | K36: 1080 | L36: =IFERROR(N(H36)+N(I36),"") -> 24 | M36: =IFERROR(E36-(N(H36)+N(I36)),"") -> 0 | N36: =IFERROR(N(J36)+N(K36),"") -> 1800 | O36: =IFERROR(F36-(N(J36)+N(K36)),"") -> 0 | P36: =IF(OR(AND(H36<>"",NOT(ISNUMBER(H36))),AND(I36<>"",NOT(ISNUMBER(I36))),AND(J36<>"",NOT(ISNUMBER(J36))),AND(K36<>"",NOT(ISNUMBER(K36)))),"Not a number",IF(OR(N(H36)<0,N(I36)<0,N(J36)<0,N(K36)<0),"Negative value",IF(AND(W36=0,OR(N(H36)>0,N(J36)>0)),"Start date needed",IF(AND(X36=1,OR(N(I36)>0,N(K36)>0)),"Remaining on finished work",IF(Z36=1,IF(OR(N(H36)<Q36-0.005,N(J36)<S36-0.005),"Actual reduced",IF(OR(N(H36)+N(I36)>E36+0.005,N(J36)+N(K36)>F36+0.005),"Over budget","✓ Updated")),IF(Y36=1,"Actuals not given","Not changed yet")))))) -> Not changed yet | Q36: 9.6 | R36: 14.4 | S36: 720 | T36: 1080 | U36: 7034 | V36: 0 | W36: =IF('Sara Moss'!G18<>"",1,0) -> 1 | X36: =IF('Sara Moss'!H18<>"",1,0) -> 0 | Y36: =IF(OR('Sara Moss'!G18<>'Sara Moss'!T18,'Sara Moss'!H18<>'Sara Moss'!U18,N('Sara Moss'!I18)>0),1,0) -> 0 | Z36: =IF(OR(H36<>Q36,I36<>R36,J36<>S36,K36<>T36),1,0) -> 0
A37: A1360 | B37: Build package 36 | C37: Design Engineer | D37: Labour · h | E37: 120 | F37: 6600 | G37: 0 | H37: 12 | I37: 108 | J37: 660 | K37: 5940 | L37: =IFERROR(N(H37)+N(I37),"") -> 120 | M37: =IFERROR(E37-(N(H37)+N(I37)),"") -> 0 | N37: =IFERROR(N(J37)+N(K37),"") -> 6600 | O37: =IFERROR(F37-(N(J37)+N(K37)),"") -> 0 | P37: =IF(OR(AND(H37<>"",NOT(ISNUMBER(H37))),AND(I37<>"",NOT(ISNUMBER(I37))),AND(J37<>"",NOT(ISNUMBER(J37))),AND(K37<>"",NOT(ISNUMBER(K37)))),"Not a number",IF(OR(N(H37)<0,N(I37)<0,N(J37)<0,N(K37)<0),"Negative value",IF(AND(W37=0,OR(N(H37)>0,N(J37)>0)),"Start date needed",IF(AND(X37=1,OR(N(I37)>0,N(K37)>0)),"Remaining on finished work",IF(Z37=1,IF(OR(N(H37)<Q37-0.005,N(J37)<S37-0.005),"Actual reduced",IF(OR(N(H37)+N(I37)>E37+0.005,N(J37)+N(K37)>F37+0.005),"Over budget","✓ Updated")),IF(Y37=1,"Actuals not given","Not changed yet")))))) -> Not changed yet | Q37: 12 | R37: 108 | S37: 660 | T37: 5940 | U37: 7036 | V37: 0 | W37: =IF('Sara Moss'!G19<>"",1,0) -> 1 | X37: =IF('Sara Moss'!H19<>"",1,0) -> 0 | Y37: =IF(OR('Sara Moss'!G19<>'Sara Moss'!T19,'Sara Moss'!H19<>'Sara Moss'!U19,N('Sara Moss'!I19)>0),1,0) -> 0 | Z37: =IF(OR(H37<>Q37,I37<>R37,J37<>S37,K37<>T37),1,0) -> 0
A38: A1400 | B38: Build package 40 | C38: Site Labour | D38: Labour · h | E38: 40 | F38: 3000 | G38: 0 | H38: 0 | I38: 40 | J38: 0 | K38: 3000 | L38: =IFERROR(N(H38)+N(I38),"") -> 40 | M38: =IFERROR(E38-(N(H38)+N(I38)),"") -> 0 | N38: =IFERROR(N(J38)+N(K38),"") -> 3000 | O38: =IFERROR(F38-(N(J38)+N(K38)),"") -> 0 | P38: =IF(OR(AND(H38<>"",NOT(ISNUMBER(H38))),AND(I38<>"",NOT(ISNUMBER(I38))),AND(J38<>"",NOT(ISNUMBER(J38))),AND(K38<>"",NOT(ISNUMBER(K38)))),"Not a number",IF(OR(N(H38)<0,N(I38)<0,N(J38)<0,N(K38)<0),"Negative value",IF(AND(W38=0,OR(N(H38)>0,N(J38)>0)),"Start date needed",IF(AND(X38=1,OR(N(I38)>0,N(K38)>0)),"Remaining on finished work",IF(Z38=1,IF(OR(N(H38)<Q38-0.005,N(J38)<S38-0.005),"Actual reduced",IF(OR(N(H38)+N(I38)>E38+0.005,N(J38)+N(K38)>F38+0.005),"Over budget","✓ Updated")),IF(Y38=1,"Actuals not given","Not changed yet")))))) -> Not changed yet | Q38: 0 | R38: 40 | S38: 0 | T38: 3000 | U38: 7040 | V38: 0 | W38: =IF('Sara Moss'!G21<>"",1,0) -> 0 | X38: =IF('Sara Moss'!H21<>"",1,0) -> 0 | Y38: =IF(OR('Sara Moss'!G21<>'Sara Moss'!T21,'Sara Moss'!H21<>'Sara Moss'!U21,N('Sara Moss'!I21)>0),1,0) -> 0 | Z38: =IF(OR(H38<>Q38,I38<>R38,J38<>S38,K38<>T38),1,0) -> 0
A39: A1420 | B39: Build package 42 | C39: Design Engineer | D39: Labour · h | E39: 16 | F39: 880 | G39: 0 | H39: 0 | I39: 16 | J39: 0 | K39: 880 | L39: =IFERROR(N(H39)+N(I39),"") -> 16 | M39: =IFERROR(E39-(N(H39)+N(I39)),"") -> 0 | N39: =IFERROR(N(J39)+N(K39),"") -> 880 | O39: =IFERROR(F39-(N(J39)+N(K39)),"") -> 0 | P39: =IF(OR(AND(H39<>"",NOT(ISNUMBER(H39))),AND(I39<>"",NOT(ISNUMBER(I39))),AND(J39<>"",NOT(ISNUMBER(J39))),AND(K39<>"",NOT(ISNUMBER(K39)))),"Not a number",IF(OR(N(H39)<0,N(I39)<0,N(J39)<0,N(K39)<0),"Negative value",IF(AND(W39=0,OR(N(H39)>0,N(J39)>0)),"Start date needed",IF(AND(X39=1,OR(N(I39)>0,N(K39)>0)),"Remaining on finished work",IF(Z39=1,IF(OR(N(H39)<Q39-0.005,N(J39)<S39-0.005),"Actual reduced",IF(OR(N(H39)+N(I39)>E39+0.005,N(J39)+N(K39)>F39+0.005),"Over budget","✓ Updated")),IF(Y39=1,"Actuals not given","Not changed yet")))))) -> Not changed yet | Q39: 0 | R39: 16 | S39: 0 | T39: 880 | U39: 7042 | V39: 0 | W39: =IF('Sara Moss'!G22<>"",1,0) -> 0 | X39: =IF('Sara Moss'!H22<>"",1,0) -> 0 | Y39: =IF(OR('Sara Moss'!G22<>'Sara Moss'!T22,'Sara Moss'!H22<>'Sara Moss'!U22,N('Sara Moss'!I22)>0),1,0) -> 0 | Z39: =IF(OR(H39<>Q39,I39<>R39,J39<>S39,K39<>T39),1,0) -> 0
A40: A1440 | B40: Build package 44 | C40: Bulk Materials | D40: Material · units | E40: 40 | F40: 3800 | G40: 0 | H40: 0 | I40: 40 | J40: 0 | K40: 3800 | L40: =IFERROR(N(H40)+N(I40),"") -> 40 | M40: =IFERROR(E40-(N(H40)+N(I40)),"") -> 0 | N40: =IFERROR(N(J40)+N(K40),"") -> 3800 | O40: =IFERROR(F40-(N(J40)+N(K40)),"") -> 0 | P40: =IF(OR(AND(H40<>"",NOT(ISNUMBER(H40))),AND(I40<>"",NOT(ISNUMBER(I40))),AND(J40<>"",NOT(ISNUMBER(J40))),AND(K40<>"",NOT(ISNUMBER(K40)))),"Not a number",IF(OR(N(H40)<0,N(I40)<0,N(J40)<0,N(K40)<0),"Negative value",IF(AND(W40=0,OR(N(H40)>0,N(J40)>0)),"Start date needed",IF(AND(X40=1,OR(N(I40)>0,N(K40)>0)),"Remaining on finished work",IF(Z40=1,IF(OR(N(H40)<Q40-0.005,N(J40)<S40-0.005),"Actual reduced",IF(OR(N(H40)+N(I40)>E40+0.005,N(J40)+N(K40)>F40+0.005),"Over budget","✓ Updated")),IF(Y40=1,"Actuals not given","Not changed yet")))))) -> Not changed yet | Q40: 0 | R40: 40 | S40: 0 | T40: 3800 | U40: 7044 | V40: 0 | W40: =IF('Sara Moss'!G23<>"",1,0) -> 0 | X40: =IF('Sara Moss'!H23<>"",1,0) -> 0 | Y40: =IF(OR('Sara Moss'!G23<>'Sara Moss'!T23,'Sara Moss'!H23<>'Sara Moss'!U23,N('Sara Moss'!I23)>0),1,0) -> 0 | Z40: =IF(OR(H40<>Q40,I40<>R40,J40<>S40,K40<>T40),1,0) -> 0
A41: A1460 | B41: Build package 46 | C41: Site Labour | D41: Labour · h | E41: 16 | F41: 1200 | G41: 0 | H41: 0 | I41: 16 | J41: 0 | K41: 1200 | L41: =IFERROR(N(H41)+N(I41),"") -> 16 | M41: =IFERROR(E41-(N(H41)+N(I41)),"") -> 0 | N41: =IFERROR(N(J41)+N(K41),"") -> 1200 | O41: =IFERROR(F41-(N(J41)+N(K41)),"") -> 0 | P41: =IF(OR(AND(H41<>"",NOT(ISNUMBER(H41))),AND(I41<>"",NOT(ISNUMBER(I41))),AND(J41<>"",NOT(ISNUMBER(J41))),AND(K41<>"",NOT(ISNUMBER(K41)))),"Not a number",IF(OR(N(H41)<0,N(I41)<0,N(J41)<0,N(K41)<0),"Negative value",IF(AND(W41=0,OR(N(H41)>0,N(J41)>0)),"Start date needed",IF(AND(X41=1,OR(N(I41)>0,N(K41)>0)),"Remaining on finished work",IF(Z41=1,IF(OR(N(H41)<Q41-0.005,N(J41)<S41-0.005),"Actual reduced",IF(OR(N(H41)+N(I41)>E41+0.005,N(J41)+N(K41)>F41+0.005),"Over budget","✓ Updated")),IF(Y41=1,"Actuals not given","Not changed yet")))))) -> Not changed yet | Q41: 0 | R41: 16 | S41: 0 | T41: 1200 | U41: 7046 | V41: 0 | W41: =IF('Sara Moss'!G24<>"",1,0) -> 0 | X41: =IF('Sara Moss'!H24<>"",1,0) -> 0 | Y41: =IF(OR('Sara Moss'!G24<>'Sara Moss'!T24,'Sara Moss'!H24<>'Sara Moss'!U24,N('Sara Moss'!I24)>0),1,0) -> 0 | Z41: =IF(OR(H41<>Q41,I41<>R41,J41<>S41,K41<>T41),1,0) -> 0
A42: A1480 | B42: Build package 48 | C42: Design Engineer | D42: Labour · h | E42: 80 | F42: 4400 | G42: 0 | H42: 0 | I42: 80 | J42: 0 | K42: 4400 | L42: =IFERROR(N(H42)+N(I42),"") -> 80 | M42: =IFERROR(E42-(N(H42)+N(I42)),"") -> 0 | N42: =IFERROR(N(J42)+N(K42),"") -> 4400 | O42: =IFERROR(F42-(N(J42)+N(K42)),"") -> 0 | P42: =IF(OR(AND(H42<>"",NOT(ISNUMBER(H42))),AND(I42<>"",NOT(ISNUMBER(I42))),AND(J42<>"",NOT(ISNUMBER(J42))),AND(K42<>"",NOT(ISNUMBER(K42)))),"Not a number",IF(OR(N(H42)<0,N(I42)<0,N(J42)<0,N(K42)<0),"Negative value",IF(AND(W42=0,OR(N(H42)>0,N(J42)>0)),"Start date needed",IF(AND(X42=1,OR(N(I42)>0,N(K42)>0)),"Remaining on finished work",IF(Z42=1,IF(OR(N(H42)<Q42-0.005,N(J42)<S42-0.005),"Actual reduced",IF(OR(N(H42)+N(I42)>E42+0.005,N(J42)+N(K42)>F42+0.005),"Over budget","✓ Updated")),IF(Y42=1,"Actuals not given","Not changed yet")))))) -> Not changed yet | Q42: 0 | R42: 80 | S42: 0 | T42: 4400 | U42: 7048 | V42: 0 | W42: =IF('Sara Moss'!G25<>"",1,0) -> 0 | X42: =IF('Sara Moss'!H25<>"",1,0) -> 0 | Y42: =IF(OR('Sara Moss'!G25<>'Sara Moss'!T25,'Sara Moss'!H25<>'Sara Moss'!U25,N('Sara Moss'!I25)>0),1,0) -> 0 | Z42: =IF(OR(H42<>Q42,I42<>R42,J42<>S42,K42<>T42),1,0) -> 0
A43: A1500 | B43: Build package 50 | C43: Bulk Materials | D43: Material · units | E43: 24 | F43: 2280 | G43: 0 | H43: 0 | I43: 24 | J43: 0 | K43: 2280 | L43: =IFERROR(N(H43)+N(I43),"") -> 24 | M43: =IFERROR(E43-(N(H43)+N(I43)),"") -> 0 | N43: =IFERROR(N(J43)+N(K43),"") -> 2280 | O43: =IFERROR(F43-(N(J43)+N(K43)),"") -> 0 | P43: =IF(OR(AND(H43<>"",NOT(ISNUMBER(H43))),AND(I43<>"",NOT(ISNUMBER(I43))),AND(J43<>"",NOT(ISNUMBER(J43))),AND(K43<>"",NOT(ISNUMBER(K43)))),"Not a number",IF(OR(N(H43)<0,N(I43)<0,N(J43)<0,N(K43)<0),"Negative value",IF(AND(W43=0,OR(N(H43)>0,N(J43)>0)),"Start date needed",IF(AND(X43=1,OR(N(I43)>0,N(K43)>0)),"Remaining on finished work",IF(Z43=1,IF(OR(N(H43)<Q43-0.005,N(J43)<S43-0.005),"Actual reduced",IF(OR(N(H43)+N(I43)>E43+0.005,N(J43)+N(K43)>F43+0.005),"Over budget","✓ Updated")),IF(Y43=1,"Actuals not given","Not changed yet")))))) -> Not changed yet | Q43: 0 | R43: 24 | S43: 0 | T43: 2280 | U43: 7050 | V43: 0 | W43: =IF('Sara Moss'!G26<>"",1,0) -> 0 | X43: =IF('Sara Moss'!H26<>"",1,0) -> 0 | Y43: =IF(OR('Sara Moss'!G26<>'Sara Moss'!T26,'Sara Moss'!H26<>'Sara Moss'!U26,N('Sara Moss'!I26)>0),1,0) -> 0 | Z43: =IF(OR(H43<>Q43,I43<>R43,J43<>S43,K43<>T43),1,0) -> 0
A44: A1540 | B44: Build package 54 | C44: Design Engineer | D44: Labour · h | E44: 16 | F44: 880 | G44: 0 | H44: 0 | I44: 16 | J44: 0 | K44: 880 | L44: =IFERROR(N(H44)+N(I44),"") -> 16 | M44: =IFERROR(E44-(N(H44)+N(I44)),"") -> 0 | N44: =IFERROR(N(J44)+N(K44),"") -> 880 | O44: =IFERROR(F44-(N(J44)+N(K44)),"") -> 0 | P44: =IF(OR(AND(H44<>"",NOT(ISNUMBER(H44))),AND(I44<>"",NOT(ISNUMBER(I44))),AND(J44<>"",NOT(ISNUMBER(J44))),AND(K44<>"",NOT(ISNUMBER(K44)))),"Not a number",IF(OR(N(H44)<0,N(I44)<0,N(J44)<0,N(K44)<0),"Negative value",IF(AND(W44=0,OR(N(H44)>0,N(J44)>0)),"Start date needed",IF(AND(X44=1,OR(N(I44)>0,N(K44)>0)),"Remaining on finished work",IF(Z44=1,IF(OR(N(H44)<Q44-0.005,N(J44)<S44-0.005),"Actual reduced",IF(OR(N(H44)+N(I44)>E44+0.005,N(J44)+N(K44)>F44+0.005),"Over budget","✓ Updated")),IF(Y44=1,"Actuals not given","Not changed yet")))))) -> Not changed yet | Q44: 0 | R44: 16 | S44: 0 | T44: 880 | U44: 7054 | V44: 0 | W44: =IF('Sara Moss'!G28<>"",1,0) -> 0 | X44: =IF('Sara Moss'!H28<>"",1,0) -> 0 | Y44: =IF(OR('Sara Moss'!G28<>'Sara Moss'!T28,'Sara Moss'!H28<>'Sara Moss'!U28,N('Sara Moss'!I28)>0),1,0) -> 0 | Z44: =IF(OR(H44<>Q44,I44<>R44,J44<>S44,K44<>T44),1,0) -> 0
A45: A1560 | B45: Build package 56 | C45: Bulk Materials | D45: Material · units | E45: 80 | F45: 7600 | G45: 0 | H45: 0 | I45: 80 | J45: 0 | K45: 7600 | L45: =IFERROR(N(H45)+N(I45),"") -> 80 | M45: =IFERROR(E45-(N(H45)+N(I45)),"") -> 0 | N45: =IFERROR(N(J45)+N(K45),"") -> 7600 | O45: =IFERROR(F45-(N(J45)+N(K45)),"") -> 0 | P45: =IF(OR(AND(H45<>"",NOT(ISNUMBER(H45))),AND(I45<>"",NOT(ISNUMBER(I45))),AND(J45<>"",NOT(ISNUMBER(J45))),AND(K45<>"",NOT(ISNUMBER(K45)))),"Not a number",IF(OR(N(H45)<0,N(I45)<0,N(J45)<0,N(K45)<0),"Negative value",IF(AND(W45=0,OR(N(H45)>0,N(J45)>0)),"Start date needed",IF(AND(X45=1,OR(N(I45)>0,N(K45)>0)),"Remaining on finished work",IF(Z45=1,IF(OR(N(H45)<Q45-0.005,N(J45)<S45-0.005),"Actual reduced",IF(OR(N(H45)+N(I45)>E45+0.005,N(J45)+N(K45)>F45+0.005),"Over budget","✓ Updated")),IF(Y45=1,"Actuals not given","Not changed yet")))))) -> Not changed yet | Q45: 0 | R45: 80 | S45: 0 | T45: 7600 | U45: 7056 | V45: 0 | W45: =IF('Sara Moss'!G29<>"",1,0) -> 0 | X45: =IF('Sara Moss'!H29<>"",1,0) -> 0 | Y45: =IF(OR('Sara Moss'!G29<>'Sara Moss'!T29,'Sara Moss'!H29<>'Sara Moss'!U29,N('Sara Moss'!I29)>0),1,0) -> 0 | Z45: =IF(OR(H45<>Q45,I45<>R45,J45<>S45,K45<>T45),1,0) -> 0
A46: A1580 | B46: Build package 58 | C46: Site Labour | D46: Labour · h | E46: 400 | F46: 30000 | G46: 0 | H46: 0 | I46: 400 | J46: 0 | K46: 30000 | L46: =IFERROR(N(H46)+N(I46),"") -> 400 | M46: =IFERROR(E46-(N(H46)+N(I46)),"") -> 0 | N46: =IFERROR(N(J46)+N(K46),"") -> 30000 | O46: =IFERROR(F46-(N(J46)+N(K46)),"") -> 0 | P46: =IF(OR(AND(H46<>"",NOT(ISNUMBER(H46))),AND(I46<>"",NOT(ISNUMBER(I46))),AND(J46<>"",NOT(ISNUMBER(J46))),AND(K46<>"",NOT(ISNUMBER(K46)))),"Not a number",IF(OR(N(H46)<0,N(I46)<0,N(J46)<0,N(K46)<0),"Negative value",IF(AND(W46=0,OR(N(H46)>0,N(J46)>0)),"Start date needed",IF(AND(X46=1,OR(N(I46)>0,N(K46)>0)),"Remaining on finished work",IF(Z46=1,IF(OR(N(H46)<Q46-0.005,N(J46)<S46-0.005),"Actual reduced",IF(OR(N(H46)+N(I46)>E46+0.005,N(J46)+N(K46)>F46+0.005),"Over budget","✓ Updated")),IF(Y46=1,"Actuals not given","Not changed yet")))))) -> Not changed yet | Q46: 0 | R46: 400 | S46: 0 | T46: 30000 | U46: 7058 | V46: 0 | W46: =IF('Sara Moss'!G30<>"",1,0) -> 0 | X46: =IF('Sara Moss'!H30<>"",1,0) -> 0 | Y46: =IF(OR('Sara Moss'!G30<>'Sara Moss'!T30,'Sara Moss'!H30<>'Sara Moss'!U30,N('Sara Moss'!I30)>0),1,0) -> 0 | Z46: =IF(OR(H46<>Q46,I46<>R46,J46<>S46,K46<>T46),1,0) -> 0
A47: Tom Reid - Package Manager
A48: A1210 | B48: Build package 21 | C48: Design Engineer | D48: Labour · h | E48: 80 | F48: 4400 | G48: 0 | H48: 80 | I48: 0 | J48: 4400 | K48: 0 | L48: =IFERROR(N(H48)+N(I48),"") -> 80 | M48: =IFERROR(E48-(N(H48)+N(I48)),"") -> 0 | N48: =IFERROR(N(J48)+N(K48),"") -> 4400 | O48: =IFERROR(F48-(N(J48)+N(K48)),"") -> 0 | P48: =IF(OR(AND(H48<>"",NOT(ISNUMBER(H48))),AND(I48<>"",NOT(ISNUMBER(I48))),AND(J48<>"",NOT(ISNUMBER(J48))),AND(K48<>"",NOT(ISNUMBER(K48)))),"Not a number",IF(OR(N(H48)<0,N(I48)<0,N(J48)<0,N(K48)<0),"Negative value",IF(AND(W48=0,OR(N(H48)>0,N(J48)>0)),"Start date needed",IF(AND(X48=1,OR(N(I48)>0,N(K48)>0)),"Remaining on finished work",IF(Z48=1,IF(OR(N(H48)<Q48-0.005,N(J48)<S48-0.005),"Actual reduced",IF(OR(N(H48)+N(I48)>E48+0.005,N(J48)+N(K48)>F48+0.005),"Over budget","✓ Updated")),IF(Y48=1,"Actuals not given","Not changed yet")))))) -> Not changed yet | Q48: 80 | R48: 0 | S48: 4400 | T48: 0 | U48: 7021 | V48: 0 | W48: =IF('Tom Reid'!G11<>"",1,0) -> 1 | X48: =IF('Tom Reid'!H11<>"",1,0) -> 1 | Y48: =IF(OR('Tom Reid'!G11<>'Tom Reid'!T11,'Tom Reid'!H11<>'Tom Reid'!U11,N('Tom Reid'!I11)>0),1,0) -> 0 | Z48: =IF(OR(H48<>Q48,I48<>R48,J48<>S48,K48<>T48),1,0) -> 0
A49: A1230 | B49: Build package 23 | C49: Bulk Materials | D49: Material · units | E49: 64 | F49: 6080 | G49: 0 | H49: 64 | I49: 0 | J49: 6080 | K49: 0 | L49: =IFERROR(N(H49)+N(I49),"") -> 64 | M49: =IFERROR(E49-(N(H49)+N(I49)),"") -> 0 | N49: =IFERROR(N(J49)+N(K49),"") -> 6080 | O49: =IFERROR(F49-(N(J49)+N(K49)),"") -> 0 | P49: =IF(OR(AND(H49<>"",NOT(ISNUMBER(H49))),AND(I49<>"",NOT(ISNUMBER(I49))),AND(J49<>"",NOT(ISNUMBER(J49))),AND(K49<>"",NOT(ISNUMBER(K49)))),"Not a number",IF(OR(N(H49)<0,N(I49)<0,N(J49)<0,N(K49)<0),"Negative value",IF(AND(W49=0,OR(N(H49)>0,N(J49)>0)),"Start date needed",IF(AND(X49=1,OR(N(I49)>0,N(K49)>0)),"Remaining on finished work",IF(Z49=1,IF(OR(N(H49)<Q49-0.005,N(J49)<S49-0.005),"Actual reduced",IF(OR(N(H49)+N(I49)>E49+0.005,N(J49)+N(K49)>F49+0.005),"Over budget","✓ Updated")),IF(Y49=1,"Actuals not given","Not changed yet")))))) -> Not changed yet | Q49: 64 | R49: 0 | S49: 6080 | T49: 0 | U49: 7023 | V49: 0 | W49: =IF('Tom Reid'!G12<>"",1,0) -> 1 | X49: =IF('Tom Reid'!H12<>"",1,0) -> 1 | Y49: =IF(OR('Tom Reid'!G12<>'Tom Reid'!T12,'Tom Reid'!H12<>'Tom Reid'!U12,N('Tom Reid'!I12)>0),1,0) -> 0 | Z49: =IF(OR(H49<>Q49,I49<>R49,J49<>S49,K49<>T49),1,0) -> 0
A50: A1250 | B50: Build package 25 | C50: Site Labour | D50: Labour · h | E50: 64 | F50: 4800 | G50: 0 | H50: 64 | I50: 0 | J50: 4800 | K50: 0 | L50: =IFERROR(N(H50)+N(I50),"") -> 64 | M50: =IFERROR(E50-(N(H50)+N(I50)),"") -> 0 | N50: =IFERROR(N(J50)+N(K50),"") -> 4800 | O50: =IFERROR(F50-(N(J50)+N(K50)),"") -> 0 | P50: =IF(OR(AND(H50<>"",NOT(ISNUMBER(H50))),AND(I50<>"",NOT(ISNUMBER(I50))),AND(J50<>"",NOT(ISNUMBER(J50))),AND(K50<>"",NOT(ISNUMBER(K50)))),"Not a number",IF(OR(N(H50)<0,N(I50)<0,N(J50)<0,N(K50)<0),"Negative value",IF(AND(W50=0,OR(N(H50)>0,N(J50)>0)),"Start date needed",IF(AND(X50=1,OR(N(I50)>0,N(K50)>0)),"Remaining on finished work",IF(Z50=1,IF(OR(N(H50)<Q50-0.005,N(J50)<S50-0.005),"Actual reduced",IF(OR(N(H50)+N(I50)>E50+0.005,N(J50)+N(K50)>F50+0.005),"Over budget","✓ Updated")),IF(Y50=1,"Actuals not given","Not changed yet")))))) -> Not changed yet | Q50: 64 | R50: 0 | S50: 4800 | T50: 0 | U50: 7025 | V50: 0 | W50: =IF('Tom Reid'!G13<>"",1,0) -> 1 | X50: =IF('Tom Reid'!H13<>"",1,0) -> 1 | Y50: =IF(OR('Tom Reid'!G13<>'Tom Reid'!T13,'Tom Reid'!H13<>'Tom Reid'!U13,N('Tom Reid'!I13)>0),1,0) -> 0 | Z50: =IF(OR(H50<>Q50,I50<>R50,J50<>S50,K50<>T50),1,0) -> 0
A51: A1270 | B51: Build package 27 | C51: Design Engineer | D51: Labour · h | E51: 24 | F51: 1320 | G51: 0 | H51: 24 | I51: 0 | J51: 1320 | K51: 0 | L51: =IFERROR(N(H51)+N(I51),"") -> 24 | M51: =IFERROR(E51-(N(H51)+N(I51)),"") -> 0 | N51: =IFERROR(N(J51)+N(K51),"") -> 1320 | O51: =IFERROR(F51-(N(J51)+N(K51)),"") -> 0 | P51: =IF(OR(AND(H51<>"",NOT(ISNUMBER(H51))),AND(I51<>"",NOT(ISNUMBER(I51))),AND(J51<>"",NOT(ISNUMBER(J51))),AND(K51<>"",NOT(ISNUMBER(K51)))),"Not a number",IF(OR(N(H51)<0,N(I51)<0,N(J51)<0,N(K51)<0),"Negative value",IF(AND(W51=0,OR(N(H51)>0,N(J51)>0)),"Start date needed",IF(AND(X51=1,OR(N(I51)>0,N(K51)>0)),"Remaining on finished work",IF(Z51=1,IF(OR(N(H51)<Q51-0.005,N(J51)<S51-0.005),"Actual reduced",IF(OR(N(H51)+N(I51)>E51+0.005,N(J51)+N(K51)>F51+0.005),"Over budget","✓ Updated")),IF(Y51=1,"Actuals not given","Not changed yet")))))) -> Not changed yet | Q51: 24 | R51: 0 | S51: 1320 | T51: 0 | U51: 7027 | V51: 0 | W51: =IF('Tom Reid'!G14<>"",1,0) -> 1 | X51: =IF('Tom Reid'!H14<>"",1,0) -> 1 | Y51: =IF(OR('Tom Reid'!G14<>'Tom Reid'!T14,'Tom Reid'!H14<>'Tom Reid'!U14,N('Tom Reid'!I14)>0),1,0) -> 0 | Z51: =IF(OR(H51<>Q51,I51<>R51,J51<>S51,K51<>T51),1,0) -> 0
A52: A1290 | B52: Build package 29 | C52: Bulk Materials | D52: Material · units | E52: 16 | F52: 1520 | G52: 0 | H52: 16 | I52: 0 | J52: 1520 | K52: 0 | L52: =IFERROR(N(H52)+N(I52),"") -> 16 | M52: =IFERROR(E52-(N(H52)+N(I52)),"") -> 0 | N52: =IFERROR(N(J52)+N(K52),"") -> 1520 | O52: =IFERROR(F52-(N(J52)+N(K52)),"") -> 0 | P52: =IF(OR(AND(H52<>"",NOT(ISNUMBER(H52))),AND(I52<>"",NOT(ISNUMBER(I52))),AND(J52<>"",NOT(ISNUMBER(J52))),AND(K52<>"",NOT(ISNUMBER(K52)))),"Not a number",IF(OR(N(H52)<0,N(I52)<0,N(J52)<0,N(K52)<0),"Negative value",IF(AND(W52=0,OR(N(H52)>0,N(J52)>0)),"Start date needed",IF(AND(X52=1,OR(N(I52)>0,N(K52)>0)),"Remaining on finished work",IF(Z52=1,IF(OR(N(H52)<Q52-0.005,N(J52)<S52-0.005),"Actual reduced",IF(OR(N(H52)+N(I52)>E52+0.005,N(J52)+N(K52)>F52+0.005),"Over budget","✓ Updated")),IF(Y52=1,"Actuals not given","Not changed yet")))))) -> Not changed yet | Q52: 16 | R52: 0 | S52: 1520 | T52: 0 | U52: 7029 | V52: 0 | W52: =IF('Tom Reid'!G15<>"",1,0) -> 1 | X52: =IF('Tom Reid'!H15<>"",1,0) -> 1 | Y52: =IF(OR('Tom Reid'!G15<>'Tom Reid'!T15,'Tom Reid'!H15<>'Tom Reid'!U15,N('Tom Reid'!I15)>0),1,0) -> 0 | Z52: =IF(OR(H52<>Q52,I52<>R52,J52<>S52,K52<>T52),1,0) -> 0
A53: A1330 | B53: Build package 33 | C53: Design Engineer | D53: Labour · h | E53: 16 | F53: 880 | G53: 0 | H53: 16 | I53: 0 | J53: 880 | K53: 0 | L53: =IFERROR(N(H53)+N(I53),"") -> 16 | M53: =IFERROR(E53-(N(H53)+N(I53)),"") -> 0 | N53: =IFERROR(N(J53)+N(K53),"") -> 880 | O53: =IFERROR(F53-(N(J53)+N(K53)),"") -> 0 | P53: =IF(OR(AND(H53<>"",NOT(ISNUMBER(H53))),AND(I53<>"",NOT(ISNUMBER(I53))),AND(J53<>"",NOT(ISNUMBER(J53))),AND(K53<>"",NOT(ISNUMBER(K53)))),"Not a number",IF(OR(N(H53)<0,N(I53)<0,N(J53)<0,N(K53)<0),"Negative value",IF(AND(W53=0,OR(N(H53)>0,N(J53)>0)),"Start date needed",IF(AND(X53=1,OR(N(I53)>0,N(K53)>0)),"Remaining on finished work",IF(Z53=1,IF(OR(N(H53)<Q53-0.005,N(J53)<S53-0.005),"Actual reduced",IF(OR(N(H53)+N(I53)>E53+0.005,N(J53)+N(K53)>F53+0.005),"Over budget","✓ Updated")),IF(Y53=1,"Actuals not given","Not changed yet")))))) -> Not changed yet | Q53: 16 | R53: 0 | S53: 880 | T53: 0 | U53: 7033 | V53: 0 | W53: =IF('Tom Reid'!G17<>"",1,0) -> 1 | X53: =IF('Tom Reid'!H17<>"",1,0) -> 1 | Y53: =IF(OR('Tom Reid'!G17<>'Tom Reid'!T17,'Tom Reid'!H17<>'Tom Reid'!U17,N('Tom Reid'!I17)>0),1,0) -> 0 | Z53: =IF(OR(H53<>Q53,I53<>R53,J53<>S53,K53<>T53),1,0) -> 0
